outcome,AUROC,AUPRC,quantile_split,quantile_assignment,metab
bpd_any,0.7279310551199953,0.7090421238651181,C10_quant_3,0.0,C10
bpd_any,0.7068113551029697,0.6963704278828813,C10_quant_3,1.0,C10
bpd_any,0.7143081210387433,0.7422609806937734,C10_quant_3,2.0,C10
ivh_any,0.7091327875871202,0.6615144806815096,C10_quant_3,0.0,C10
ivh_any,0.7049504730600097,0.675349928701592,C10_quant_3,1.0,C10
ivh_any,0.7211572247900684,0.742537056630806,C10_quant_3,2.0,C10
nec_any,0.6910377358490565,0.8623068832952171,C10_quant_3,0.0,C10
nec_any,0.6851101554247775,0.8680991296741918,C10_quant_3,1.0,C10
nec_any,0.7057040781934614,0.8738511605791468,C10_quant_3,2.0,C10
rop_any,0.6977022344843892,0.603167615492686,C10_quant_3,0.0,C10
rop_any,0.6749169261045602,0.5907883561061742,C10_quant_3,1.0,C10
rop_any,0.7007841069579135,0.6877081103108666,C10_quant_3,2.0,C10
bpd_any,0.7387932865944338,0.8018240075061848,C05_quant_3,0.0,C05
bpd_any,0.6942105449478972,0.6722950390330025,C05_quant_3,1.0,C05
bpd_any,0.6913172524400326,0.6092005044669487,C05_quant_3,2.0,C05
ivh_any,0.7246556366332385,0.77736597351054,C05_quant_3,0.0,C05
ivh_any,0.6835142542098896,0.6489460004815754,C05_quant_3,1.0,C05
ivh_any,0.7120973648309039,0.616192549069853,C05_quant_3,2.0,C05
nec_any,0.6843764800813936,0.9082559355506176,C05_quant_3,0.0,C05
nec_any,0.68321197702641,0.8526468088528015,C05_quant_3,1.0,C05
nec_any,0.6825965669605587,0.8018252238099843,C05_quant_3,2.0,C05
rop_any,0.7047211469140834,0.7317679903282107,C05_quant_3,0.0,C05
rop_any,0.6683411157158461,0.5759501083692239,C05_quant_3,1.0,C05
rop_any,0.6760697448081868,0.5246346491706905,C05_quant_3,2.0,C05
bpd_any,0.6993036704827098,0.7300404097935318,C05DC_quant_3,0.0,C05DC
bpd_any,0.7046533823285073,0.7275750262532298,C05DC_quant_3,1.0,C05DC
bpd_any,0.7289147320895945,0.6936978879220959,C05DC_quant_3,2.0,C05DC
ivh_any,0.6947088491103973,0.7231546351620715,C05DC_quant_3,0.0,C05DC
ivh_any,0.6953205688408677,0.7067203601792841,C05DC_quant_3,1.0,C05DC
ivh_any,0.7324835310020856,0.669913423875337,C05DC_quant_3,2.0,C05DC
nec_any,0.6776100033321057,0.8827080337535684,C05DC_quant_3,0.0,C05DC
nec_any,0.6720994965946107,0.8631781417373858,C05DC_quant_3,1.0,C05DC
nec_any,0.7241951504528192,0.8595026720034834,C05DC_quant_3,2.0,C05DC
rop_any,0.6833666042836349,0.6545619584503506,C05DC_quant_3,0.0,C05DC
rop_any,0.678482908382942,0.6395768950624408,C05DC_quant_3,1.0,C05DC
rop_any,0.7046054088093633,0.609257159521025,C05DC_quant_3,2.0,C05DC
bpd_any,0.7098415529611184,0.6974107084118988,C18_quant_3,0.0,C18
bpd_any,0.704744312782001,0.7169117015126047,C18_quant_3,1.0,C18
bpd_any,0.7201024141188768,0.734470509322035,C18_quant_3,2.0,C18
ivh_any,0.7119795630679223,0.6591616566140679,C18_quant_3,0.0,C18
ivh_any,0.6950693140966002,0.6937798315957375,C18_quant_3,1.0,C18
ivh_any,0.7075667814384733,0.7377421742410495,C18_quant_3,2.0,C18
nec_any,0.6907976168864389,0.8472926028643666,C18_quant_3,0.0,C18
nec_any,0.6776808839982222,0.8622049532481569,C18_quant_3,1.0,C18
nec_any,0.6909526408343944,0.8855442815933546,C18_quant_3,2.0,C18
rop_any,0.6884665357270796,0.6149486125514136,C18_quant_3,0.0,C18
rop_any,0.6814042223605494,0.6427249259296788,C18_quant_3,1.0,C18
rop_any,0.6934441740281653,0.6435303175275017,C18_quant_3,2.0,C18
bpd_any,0.674001723726277,0.6450435686265428,C181_quant_3,0.0,C181
bpd_any,0.7162304997916891,0.7227370429750726,C181_quant_3,1.0,C181
bpd_any,0.7250344053938406,0.7561207767095293,C181_quant_3,2.0,C181
ivh_any,0.6835672802519982,0.6108167021145136,C181_quant_3,0.0,C181
ivh_any,0.6986715642226181,0.699262818738742,C181_quant_3,1.0,C181
ivh_any,0.7162674804184237,0.7538614911925619,C181_quant_3,2.0,C181
nec_any,0.6684867805719856,0.8313816631821397,C181_quant_3,0.0,C181
nec_any,0.685788011115522,0.8679826702433349,C181_quant_3,1.0,C181
nec_any,0.6916096424293147,0.8864904422190216,C181_quant_3,2.0,C181
rop_any,0.6576118948428256,0.5606943480704508,C181_quant_3,0.0,C181
rop_any,0.6900317517780241,0.6452440323593431,C181_quant_3,1.0,C181
rop_any,0.7020106078929609,0.6710116043613317,C181_quant_3,2.0,C181
bpd_any,0.698479624104479,0.7319607918846813,CIT_quant_3,0.0,CIT
bpd_any,0.7153430640156304,0.7411519040513602,CIT_quant_3,1.0,CIT
bpd_any,0.720530218368947,0.6784556888599378,CIT_quant_3,2.0,CIT
ivh_any,0.688221335914113,0.7181908632092104,CIT_quant_3,0.0,CIT
ivh_any,0.707874094931617,0.7245523029515868,CIT_quant_3,1.0,CIT
ivh_any,0.7258409257035452,0.659933624805913,CIT_quant_3,2.0,CIT
nec_any,0.66267854177047,0.8582404502765536,CIT_quant_3,0.0,CIT
nec_any,0.695480989839397,0.8800655837634349,CIT_quant_3,1.0,CIT
nec_any,0.7216969337042478,0.8687903303083739,CIT_quant_3,2.0,CIT
rop_any,0.6743373827198027,0.6515417519662683,CIT_quant_3,0.0,CIT
rop_any,0.6858292177459115,0.6492160906595172,CIT_quant_3,1.0,CIT
rop_any,0.702244896888466,0.6028453406299553,CIT_quant_3,2.0,CIT
bpd_any,0.7123597522501287,0.7380312493866035,C16OH_quant_3,0.0,C16OH
bpd_any,0.7224757294325028,0.7305722318302276,C16OH_quant_3,1.0,C16OH
bpd_any,0.7086954583662344,0.6878138661088541,C16OH_quant_3,2.0,C16OH
ivh_any,0.6911534809590018,0.6863418772320291,C16OH_quant_3,0.0,C16OH
ivh_any,0.7293381568674886,0.729461886177896,C16OH_quant_3,1.0,C16OH
ivh_any,0.710075655933214,0.6822304455579036,C16OH_quant_3,2.0,C16OH
nec_any,0.6794736334127472,0.8692830237530433,C16OH_quant_3,0.0,C16OH
nec_any,0.7165917305827383,0.8864512523194336,C16OH_quant_3,1.0,C16OH
nec_any,0.6840750700704492,0.8469119004138319,C16OH_quant_3,2.0,C16OH
rop_any,0.6812449593556313,0.6424075944525698,C16OH_quant_3,0.0,C16OH
rop_any,0.7004565486927334,0.64350133006653,C16OH_quant_3,1.0,C16OH
rop_any,0.6871142712333573,0.6195417509954514,C16OH_quant_3,2.0,C16OH
bpd_any,0.695952307562978,0.7203743576544988,C181OH_quant_3,0.0,C181OH
bpd_any,0.7313584410784224,0.7319429252571138,C181OH_quant_3,1.0,C181OH
bpd_any,0.7092345439769957,0.7034701388173561,C181OH_quant_3,2.0,C181OH
ivh_any,0.6694559292128618,0.6733535996549234,C181OH_quant_3,0.0,C181OH
ivh_any,0.7363689707360881,0.7260524292082186,C181OH_quant_3,1.0,C181OH
ivh_any,0.7132975680579143,0.6969579640997976,C181OH_quant_3,2.0,C181OH
nec_any,0.668591891439102,0.8627148209199533,C181OH_quant_3,0.0,C181OH
nec_any,0.7217507668555874,0.8744310577301211,C181OH_quant_3,1.0,C181OH
nec_any,0.678289240636128,0.8679933365313316,C181OH_quant_3,2.0,C181OH
rop_any,0.6576817432704632,0.6185482031137393,C181OH_quant_3,0.0,C181OH
rop_any,0.7109704779719446,0.6535300470031451,C181OH_quant_3,1.0,C181OH
rop_any,0.6886534609915506,0.628805355759898,C181OH_quant_3,2.0,C181OH
bpd_any,0.6783696340233982,0.6345329741779704,C14_quant_3,0.0,C14
bpd_any,0.7192748307847657,0.7119634362828225,C14_quant_3,1.0,C14
bpd_any,0.7340599486089667,0.7708391373226241,C14_quant_3,2.0,C14
ivh_any,0.6931187599381267,0.6240619563302405,C14_quant_3,0.0,C14
ivh_any,0.7043718243959498,0.6729243972957533,C14_quant_3,1.0,C14
ivh_any,0.7174820584308779,0.7640295357372732,C14_quant_3,2.0,C14
nec_any,0.6615942988627522,0.8132204827262146,C14_quant_3,0.0,C14
nec_any,0.6851868848446706,0.8586982266908192,C14_quant_3,1.0,C14
nec_any,0.7123691722169362,0.9037817866677098,C14_quant_3,2.0,C14
rop_any,0.6675669257340241,0.5527949918236901,C14_quant_3,0.0,C14
rop_any,0.6776294961648675,0.6012349099745439,C14_quant_3,1.0,C14
rop_any,0.7084315577204368,0.7066119338550279,C14_quant_3,2.0,C14
bpd_any,0.7064194040711713,0.6679670674180063,C12_quant_3,0.0,C12
bpd_any,0.7033601841196779,0.704377524808314,C12_quant_3,1.0,C12
bpd_any,0.7280498150598935,0.7597166294569662,C12_quant_3,2.0,C12
ivh_any,0.7053076825360072,0.6461147438288369,C12_quant_3,0.0,C12
ivh_any,0.7059319422150884,0.6827595663244496,C12_quant_3,1.0,C12
ivh_any,0.7193844960788576,0.7478482645242677,C12_quant_3,2.0,C12
nec_any,0.6850197077485098,0.839969480005194,C12_quant_3,0.0,C12
nec_any,0.6899864935064935,0.8668336425211686,C12_quant_3,1.0,C12
nec_any,0.7004283924047184,0.8875015255988615,C12_quant_3,2.0,C12
rop_any,0.6808826578490368,0.5667971151685566,C12_quant_3,0.0,C12
rop_any,0.6770503715937242,0.6072602685980862,C12_quant_3,1.0,C12
rop_any,0.7058398252814804,0.6978734943094087,C12_quant_3,2.0,C12
bpd_any,0.7393604068491827,0.7455793156310455,PHE_quant_3,0.0,PHE
bpd_any,0.7099673380511704,0.6996632245474171,PHE_quant_3,1.0,PHE
bpd_any,0.6904329303559085,0.703490988778088,PHE_quant_3,2.0,PHE
ivh_any,0.7391021346719334,0.7515768869086411,PHE_quant_3,0.0,PHE
ivh_any,0.7030708710932859,0.6669842786019884,PHE_quant_3,1.0,PHE
ivh_any,0.6971061449761001,0.6814006097684605,PHE_quant_3,2.0,PHE
nec_any,0.7114141071176509,0.8775160190839781,PHE_quant_3,0.0,PHE
nec_any,0.6897575478413802,0.8590991842545102,PHE_quant_3,1.0,PHE
nec_any,0.6786588411588411,0.8665062332062904,PHE_quant_3,2.0,PHE
rop_any,0.704547531862143,0.6688951726267631,PHE_quant_3,0.0,PHE
rop_any,0.690532909077243,0.6183105541967834,PHE_quant_3,1.0,PHE
rop_any,0.675995381430164,0.613996299871231,PHE_quant_3,2.0,PHE
bpd_any,0.6817394399620313,0.6859876799307815,TYR_quant_3,0.0,TYR
bpd_any,0.7186698922951125,0.7498523283144253,TYR_quant_3,1.0,TYR
bpd_any,0.7377166558267437,0.7131723216447436,TYR_quant_3,2.0,TYR
ivh_any,0.670500898735093,0.6777421762337628,TYR_quant_3,0.0,TYR
ivh_any,0.7110727869034925,0.7328141902482329,TYR_quant_3,1.0,TYR
ivh_any,0.7406201538224164,0.6854707271391727,TYR_quant_3,2.0,TYR
nec_any,0.6619877162226772,0.8596543204348492,TYR_quant_3,0.0,TYR
nec_any,0.6917910478883342,0.890584220950529,TYR_quant_3,1.0,TYR
nec_any,0.7149608748713776,0.848461623715365,TYR_quant_3,2.0,TYR
rop_any,0.6583946804825813,0.6058051004516926,TYR_quant_3,0.0,TYR
rop_any,0.6949693090821372,0.6708814770322109,TYR_quant_3,1.0,TYR
rop_any,0.7098110374170943,0.6216783481337147,TYR_quant_3,2.0,TYR
bpd_any,0.706629289923013,0.6801833412335943,PRO_quant_3,0.0,PRO
bpd_any,0.7324611322816681,0.7547341018018934,PRO_quant_3,1.0,PRO
bpd_any,0.7020253286929621,0.7126773508978623,PRO_quant_3,2.0,PRO
ivh_any,0.7111029101798677,0.702034215987183,PRO_quant_3,0.0,PRO
ivh_any,0.6950329364122467,0.7118011858611663,PRO_quant_3,1.0,PRO
ivh_any,0.7277746776704161,0.6928928766415636,PRO_quant_3,2.0,PRO
nec_any,0.6863333568721606,0.8386991804342111,PRO_quant_3,0.0,PRO
nec_any,0.6868820834338076,0.8859433461805186,PRO_quant_3,1.0,PRO
nec_any,0.7056657572898871,0.8761241193111371,PRO_quant_3,2.0,PRO
rop_any,0.6855842506781998,0.6179035827567385,PRO_quant_3,0.0,PRO
rop_any,0.6912042383911712,0.6554982372607752,PRO_quant_3,1.0,PRO
rop_any,0.6921980448514898,0.6283018529575359,PRO_quant_3,2.0,PRO
bpd_any,0.7183111570886692,0.6996863721684907,C101_quant_3,0.0,C101
bpd_any,0.7299952306606187,0.7417175032937416,C101_quant_3,1.0,C101
bpd_any,0.6941244684963278,0.710968910584941,C101_quant_3,2.0,C101
ivh_any,0.711796485049214,0.6756262305297689,C101_quant_3,0.0,C101
ivh_any,0.7142390926280322,0.7131241002914483,C101_quant_3,1.0,C101
ivh_any,0.7083412682250243,0.7126610008061265,C101_quant_3,2.0,C101
nec_any,0.6895538015463918,0.869052869558024,C101_quant_3,0.0,C101
nec_any,0.7078515181611804,0.884080332479117,C101_quant_3,1.0,C101
nec_any,0.6870683693697847,0.853505525008939,C101_quant_3,2.0,C101
rop_any,0.6833975954132371,0.6056347580600832,C101_quant_3,0.0,C101
rop_any,0.708051138294635,0.675157133259911,C101_quant_3,1.0,C101
rop_any,0.6789969787588248,0.622160578018869,C101_quant_3,2.0,C101
bpd_any,0.7077020148611876,0.6612754063676428,RO_C_quant_3,0.0,RO_C
bpd_any,0.7167141066485612,0.7392116382378323,RO_C_quant_3,1.0,RO_C
bpd_any,0.6712774799540577,0.7234544742053797,RO_C_quant_3,2.0,RO_C
ivh_any,0.7228447233388895,0.6400193513157677,RO_C_quant_3,0.0,RO_C
ivh_any,0.7040158045196143,0.7290828110321527,RO_C_quant_3,1.0,RO_C
ivh_any,0.6512988058998707,0.7034476876056582,RO_C_quant_3,2.0,RO_C
nec_any,0.7060796789126816,0.8431935741662326,RO_C_quant_3,0.0,RO_C
nec_any,0.7102603230861372,0.8926529009069273,RO_C_quant_3,1.0,RO_C
nec_any,0.6286219224981606,0.8557233841835957,RO_C_quant_3,2.0,RO_C
rop_any,0.6940979539120384,0.5901268843821661,RO_C_quant_3,0.0,RO_C
rop_any,0.6889581243167968,0.6536696070787986,RO_C_quant_3,1.0,RO_C
rop_any,0.6556499716689633,0.638499601648196,RO_C_quant_3,2.0,RO_C
bpd_any,0.7224274904232635,0.7597215279117262,R8_10_quant_3,0.0,R8_10
bpd_any,0.720516408578026,0.7182543981812068,R8_10_quant_3,1.0,R8_10
bpd_any,0.7004413347685683,0.6641760423024302,R8_10_quant_3,2.0,R8_10
ivh_any,0.7135099215505306,0.7404251293631678,R8_10_quant_3,0.0,R8_10
ivh_any,0.7290542851154428,0.712452724277967,R8_10_quant_3,1.0,R8_10
ivh_any,0.6953043521966216,0.642356968449288,R8_10_quant_3,2.0,R8_10
nec_any,0.6999502339006669,0.8938298725051544,R8_10_quant_3,0.0,R8_10
nec_any,0.6976735291546463,0.8681758653089393,R8_10_quant_3,1.0,R8_10
nec_any,0.6845814752165668,0.8346271588154839,R8_10_quant_3,2.0,R8_10
rop_any,0.6923118104258021,0.6940613592160807,R8_10_quant_3,0.0,R8_10
rop_any,0.6985781977495232,0.6314434077203424,R8_10_quant_3,1.0,R8_10
rop_any,0.6788718178336997,0.5643215828056556,R8_10_quant_3,2.0,R8_10
bpd_any,0.736929014162911,0.7445369386892536,ARG_quant_3,0.0,ARG
bpd_any,0.7065713159524748,0.7081430640662032,ARG_quant_3,1.0,ARG
bpd_any,0.6965583099252243,0.6941510582288314,ARG_quant_3,2.0,ARG
ivh_any,0.7405800720784337,0.7540832758176146,ARG_quant_3,0.0,ARG
ivh_any,0.6943422385751613,0.6630037561546707,ARG_quant_3,1.0,ARG
ivh_any,0.7046167035286002,0.6779571132632001,ARG_quant_3,2.0,ARG
nec_any,0.7263536460056775,0.8910205916472156,ARG_quant_3,0.0,ARG
nec_any,0.6667322375706709,0.8471749243515623,ARG_quant_3,1.0,ARG
nec_any,0.6855696074973547,0.8600221985081118,ARG_quant_3,2.0,ARG
rop_any,0.716563532946548,0.686206103631462,ARG_quant_3,0.0,ARG
rop_any,0.6802441517294853,0.6026529322927864,ARG_quant_3,1.0,ARG
rop_any,0.672186249472139,0.6047198152538562,ARG_quant_3,2.0,ARG
bpd_any,0.7123433383692698,0.7078781161098251,C18OH_quant_3,0.0,C18OH
bpd_any,0.7198282557831006,0.7337375047768275,C18OH_quant_3,1.0,C18OH
ivh_any,0.7131115118513951,0.6893494530253187,C18OH_quant_3,0.0,C18OH
ivh_any,0.7112691242512503,0.7194324563851205,C18OH_quant_3,1.0,C18OH
nec_any,0.6963198463010432,0.8726627945232599,C18OH_quant_3,0.0,C18OH
nec_any,0.693120172639558,0.8637324473460551,C18OH_quant_3,1.0,C18OH
rop_any,0.6877806536479651,0.6212613954413462,C18OH_quant_3,0.0,C18OH
rop_any,0.6956099798474864,0.6559988842317531,C18OH_quant_3,1.0,C18OH
bpd_any,0.6985524456911201,0.6688992299562424,C081_quant_3,0.0,C081
bpd_any,0.7221379335135624,0.7303404895009475,C081_quant_3,1.0,C081
bpd_any,0.7025896207354385,0.7335809947810275,C081_quant_3,2.0,C081
ivh_any,0.7051456405897546,0.6405392919120839,C081_quant_3,0.0,C081
ivh_any,0.7174671698434731,0.7120835824266588,C081_quant_3,1.0,C081
ivh_any,0.6908036581754641,0.7264279281219999,C081_quant_3,2.0,C081
nec_any,0.683249058633674,0.8426410207882368,C081_quant_3,0.0,C081
nec_any,0.6839530524148889,0.8736336857002702,C081_quant_3,1.0,C081
nec_any,0.6956248781567722,0.8763306904063267,C081_quant_3,2.0,C081
rop_any,0.6783905325443786,0.5823783711974398,C081_quant_3,0.0,C081
rop_any,0.7055798456433665,0.6634074019586251,C081_quant_3,1.0,C081
rop_any,0.6699809327475943,0.6391730529384001,C081_quant_3,2.0,C081
bpd_any,0.750496307802208,0.7361423488563924,RF_Y_quant_3,0.0,RF_Y
bpd_any,0.7169668187344771,0.7380182505454012,RF_Y_quant_3,1.0,RF_Y
bpd_any,0.6613260466888244,0.6752790280711172,RF_Y_quant_3,2.0,RF_Y
ivh_any,0.751571542070624,0.711742544964836,RF_Y_quant_3,0.0,RF_Y
ivh_any,0.7028769584776875,0.7129182077770486,RF_Y_quant_3,1.0,RF_Y
ivh_any,0.6669668568896953,0.6742874013899998,RF_Y_quant_3,2.0,RF_Y
nec_any,0.7231343594877571,0.8606517624878107,RF_Y_quant_3,0.0,RF_Y
nec_any,0.6895418722221374,0.8720136825100182,RF_Y_quant_3,1.0,RF_Y
nec_any,0.6563550033431794,0.8713294118493011,RF_Y_quant_3,2.0,RF_Y
rop_any,0.7258285452970261,0.6552910525381648,RF_Y_quant_3,0.0,RF_Y
rop_any,0.6809366062643333,0.6405968015720553,RF_Y_quant_3,1.0,RF_Y
rop_any,0.6533823633163692,0.6065951423364904,RF_Y_quant_3,2.0,RF_Y
bpd_any,0.6868735077489447,0.6552963766733354,ALA_quant_3,0.0,ALA
bpd_any,0.725846224866238,0.7142641039979227,ALA_quant_3,1.0,ALA
bpd_any,0.7190486121369586,0.7650124472729494,ALA_quant_3,2.0,ALA
ivh_any,0.6940911155818027,0.665938759689503,ALA_quant_3,0.0,ALA
ivh_any,0.7113370105417846,0.6975705962249878,ALA_quant_3,1.0,ALA
ivh_any,0.7335432403676263,0.7343819356865395,ALA_quant_3,2.0,ALA
nec_any,0.6749793191715182,0.8294456633255103,ALA_quant_3,0.0,ALA
nec_any,0.6913194795564095,0.8756846665515838,ALA_quant_3,1.0,ALA
nec_any,0.7054939379780144,0.8896447940379422,ALA_quant_3,2.0,ALA
rop_any,0.6616463387458589,0.5656844254303592,ALA_quant_3,0.0,ALA
rop_any,0.7017821094573042,0.646216682077519,ALA_quant_3,1.0,ALA
rop_any,0.7008191232486045,0.6764441354104984,ALA_quant_3,2.0,ALA
bpd_any,0.7123530375650321,0.7154063474360627,C03DC_quant_3,0.0,C03DC
bpd_any,0.6922491383975617,0.7148219359846371,C03DC_quant_3,1.0,C03DC
bpd_any,0.743162371158149,0.7258086375421403,C03DC_quant_3,2.0,C03DC
ivh_any,0.6868641937105946,0.6727083133182334,C03DC_quant_3,0.0,C03DC
ivh_any,0.6958811992154665,0.7068130477297145,C03DC_quant_3,1.0,C03DC
ivh_any,0.7434688641301835,0.7108792270142705,C03DC_quant_3,2.0,C03DC
nec_any,0.6611832524271846,0.8589880787232965,C03DC_quant_3,0.0,C03DC
nec_any,0.6798495922749168,0.8732878088277742,C03DC_quant_3,1.0,C03DC
nec_any,0.7266759737146403,0.8680822276865174,C03DC_quant_3,2.0,C03DC
rop_any,0.6699199954445805,0.5924654398761594,C03DC_quant_3,0.0,C03DC
rop_any,0.674776542753122,0.6494345614563808,C03DC_quant_3,1.0,C03DC
rop_any,0.7197853714036893,0.6424739389566317,C03DC_quant_3,2.0,C03DC
bpd_any,0.6885723140953266,0.721823134488595,R3_2_quant_3,0.0,R3_2
bpd_any,0.7183102119889552,0.7219130237217747,R3_2_quant_3,1.0,R3_2
bpd_any,0.7328428944742913,0.7167109527480506,R3_2_quant_3,2.0,R3_2
ivh_any,0.6928099412124971,0.741534932733041,R3_2_quant_3,0.0,R3_2
ivh_any,0.7131775511726284,0.7097547959937585,R3_2_quant_3,1.0,R3_2
ivh_any,0.7213832674674971,0.6591838333227769,R3_2_quant_3,2.0,R3_2
nec_any,0.6558145392226109,0.8681624248103325,R3_2_quant_3,0.0,R3_2
nec_any,0.6808222967907757,0.872878498405232,R3_2_quant_3,1.0,R3_2
nec_any,0.7292861718439764,0.8675502338880936,R3_2_quant_3,2.0,R3_2
rop_any,0.6613808626588179,0.6439369657818728,R3_2_quant_3,0.0,R3_2
rop_any,0.6888008822098854,0.6422039315093736,R3_2_quant_3,1.0,R3_2
rop_any,0.7120559985501992,0.6231990525301171,R3_2_quant_3,2.0,R3_2
bpd_any,0.7310357352933784,0.7397407040912476,VAL_quant_3,0.0,VAL
bpd_any,0.7167614724866633,0.7353721351148619,VAL_quant_3,1.0,VAL
bpd_any,0.6936067350170875,0.6718854763123774,VAL_quant_3,2.0,VAL
ivh_any,0.7209062339386672,0.7396978750656439,VAL_quant_3,0.0,VAL
ivh_any,0.7067558063859315,0.6869640530408418,VAL_quant_3,1.0,VAL
ivh_any,0.7094438706977435,0.6753915923228613,VAL_quant_3,2.0,VAL
nec_any,0.7012010817690105,0.8718480558631347,VAL_quant_3,0.0,VAL
nec_any,0.7021427097762976,0.8827816450068144,VAL_quant_3,1.0,VAL
nec_any,0.6768219832735962,0.8466986552139961,VAL_quant_3,2.0,VAL
rop_any,0.7011490478701148,0.6589366664057722,VAL_quant_3,0.0,VAL
rop_any,0.6912305681776838,0.6531714753573303,VAL_quant_3,1.0,VAL
rop_any,0.6763974944353373,0.5865497840379965,VAL_quant_3,2.0,VAL
bpd_any,0.6993792042364392,0.6988952171329714,C121_quant_3,0.0,C121
bpd_any,0.717468430611598,0.7071258812827206,C121_quant_3,1.0,C121
bpd_any,0.720681351169156,0.7364102010835262,C121_quant_3,2.0,C121
ivh_any,0.7125642996723951,0.7007507270058654,C121_quant_3,0.0,C121
ivh_any,0.7031996738971704,0.6698295067801792,C121_quant_3,1.0,C121
ivh_any,0.7207411062832749,0.7277869313288134,C121_quant_3,2.0,C121
nec_any,0.6808135014900877,0.8701296021545939,C121_quant_3,0.0,C121
nec_any,0.6971938500488615,0.8675361882800754,C121_quant_3,1.0,C121
nec_any,0.6995718178279486,0.8713455773512493,C121_quant_3,2.0,C121
rop_any,0.6865206991031103,0.6288348018116492,C121_quant_3,0.0,C121
rop_any,0.6850731470427551,0.6074412471066261,C121_quant_3,1.0,C121
rop_any,0.6976901822081274,0.6607945462396148,C121_quant_3,2.0,C121
bpd_any,0.7152623235162893,0.7286730118958784,R14_12_quant_3,0.0,R14_12
bpd_any,0.7363255968646627,0.736874017148435,R14_12_quant_3,1.0,R14_12
bpd_any,0.6968440665043723,0.6940811864132002,R14_12_quant_3,2.0,R14_12
ivh_any,0.7004301974920567,0.6979286722501628,R14_12_quant_3,0.0,R14_12
ivh_any,0.7336641111986816,0.7229964129773222,R14_12_quant_3,1.0,R14_12
ivh_any,0.705740862330562,0.6885191126942553,R14_12_quant_3,2.0,R14_12
nec_any,0.6687679059606613,0.8665790101455348,R14_12_quant_3,0.0,R14_12
nec_any,0.7257366507488605,0.8768299795190522,R14_12_quant_3,1.0,R14_12
nec_any,0.69099366024531,0.865476820065716,R14_12_quant_3,2.0,R14_12
rop_any,0.6893575812604283,0.6450746881824609,R14_12_quant_3,0.0,R14_12
rop_any,0.7115578974550765,0.6514026087040671,R14_12_quant_3,1.0,R14_12
rop_any,0.6741398621406751,0.6131994884639738,R14_12_quant_3,2.0,R14_12
bpd_any,0.7016584858512457,0.6888128458048282,C02_quant_3,0.0,C02
bpd_any,0.7342238405233759,0.7434684097063909,C02_quant_3,1.0,C02
bpd_any,0.7026515151515151,0.7185437359193966,C02_quant_3,2.0,C02
ivh_any,0.7031594207018093,0.6406357394128308,C02_quant_3,0.0,C02
ivh_any,0.7106288541873881,0.7038534260945339,C02_quant_3,1.0,C02
ivh_any,0.7034253135159567,0.7428475410862151,C02_quant_3,2.0,C02
nec_any,0.676249688490921,0.8366485777338803,C02_quant_3,0.0,C02
nec_any,0.7179017091489739,0.8934073641330408,C02_quant_3,1.0,C02
nec_any,0.6824369891134381,0.8686415482558443,C02_quant_3,2.0,C02
rop_any,0.6780770533856056,0.5935158883412595,C02_quant_3,0.0,C02
rop_any,0.7010480248761949,0.6592040503274221,C02_quant_3,1.0,C02
rop_any,0.6868760880933025,0.6447590465254229,C02_quant_3,2.0,C02
bpd_any,0.7222343540554201,0.7087243185733152,C182_quant_3,0.0,C182
bpd_any,0.7035115293250327,0.7018807133733236,C182_quant_3,1.0,C182
bpd_any,0.6891728421970356,0.7286413971452956,C182_quant_3,2.0,C182
ivh_any,0.7236726194731843,0.6889214858089783,C182_quant_3,0.0,C182
ivh_any,0.6981289371327104,0.6909958878088723,C182_quant_3,1.0,C182
ivh_any,0.6786815125398794,0.7065171461791729,C182_quant_3,2.0,C182
nec_any,0.7084129323362991,0.8731139548903393,C182_quant_3,0.0,C182
nec_any,0.6954642518190447,0.8697565599866677,C182_quant_3,1.0,C182
nec_any,0.6576594235364396,0.856309109536455,C182_quant_3,2.0,C182
rop_any,0.7075735124022853,0.6524986699853728,C182_quant_3,0.0,C182
rop_any,0.6806578784789794,0.6196512651700363,C182_quant_3,1.0,C182
rop_any,0.6662572733768886,0.6249526081128501,C182_quant_3,2.0,C182
bpd_any,0.6861266268266464,0.678441846751165,OXP_quant_3,0.0,OXP
bpd_any,0.71036430960344,0.6907529213910171,OXP_quant_3,1.0,OXP
bpd_any,0.7457642205708066,0.7702458612345753,OXP_quant_3,2.0,OXP
ivh_any,0.686783279687672,0.6580677828175696,OXP_quant_3,0.0,OXP
ivh_any,0.6973417627920734,0.6802717261519431,OXP_quant_3,1.0,OXP
ivh_any,0.7487071144817624,0.7498634931542904,OXP_quant_3,2.0,OXP
nec_any,0.6583307197018615,0.8380928606416865,OXP_quant_3,0.0,OXP
nec_any,0.6884515383504262,0.8575513862978132,OXP_quant_3,1.0,OXP
nec_any,0.7316901408450704,0.89870118243881,OXP_quant_3,2.0,OXP
rop_any,0.6652105560022562,0.5985187386636586,OXP_quant_3,0.0,OXP
rop_any,0.6804522718528105,0.6085972398866604,OXP_quant_3,1.0,OXP
rop_any,0.7228617939445403,0.6861098563979608,OXP_quant_3,2.0,OXP
bpd_any,0.7447675901831726,0.7696100437609144,RA_O_quant_3,0.0,RA_O
bpd_any,0.7029378949228934,0.6909305560016086,RA_O_quant_3,1.0,RA_O
bpd_any,0.6951193775484199,0.6775705642085935,RA_O_quant_3,2.0,RA_O
ivh_any,0.7298240117688723,0.7591748486565804,RA_O_quant_3,0.0,RA_O
ivh_any,0.6964370653921947,0.6698945599360603,RA_O_quant_3,1.0,RA_O
ivh_any,0.7072221747874925,0.6595650566241664,RA_O_quant_3,2.0,RA_O
nec_any,0.7209793491864831,0.8960848183778307,RA_O_quant_3,0.0,RA_O
nec_any,0.6935141509433963,0.8585781860989269,RA_O_quant_3,1.0,RA_O
nec_any,0.6659891598915989,0.8408306578878046,RA_O_quant_3,2.0,RA_O
rop_any,0.7236803357137598,0.7004147944659151,RA_O_quant_3,0.0,RA_O
rop_any,0.6781104790567691,0.5960645555390097,RA_O_quant_3,1.0,RA_O
rop_any,0.66796875,0.5890291449735916,RA_O_quant_3,2.0,RA_O
bpd_any,0.6867784519575879,0.6315006188418386,C16_quant_3,0.0,C16
bpd_any,0.6984441223849318,0.6620576092001421,C16_quant_3,1.0,C16
bpd_any,0.7090524718267492,0.7900451307342047,C16_quant_3,2.0,C16
ivh_any,0.7065880687868857,0.6189324177641304,C16_quant_3,0.0,C16
ivh_any,0.6946411078155486,0.648217749243617,C16_quant_3,1.0,C16
ivh_any,0.6729031238294607,0.7691800118534349,C16_quant_3,2.0,C16
nec_any,0.6726850090866827,0.8125781956256488,C16_quant_3,0.0,C16
nec_any,0.6728913045330244,0.835743705415242,C16_quant_3,1.0,C16
nec_any,0.6773411728648971,0.9085702002006294,C16_quant_3,2.0,C16
rop_any,0.6702199644558378,0.5454771412329431,C16_quant_3,0.0,C16
rop_any,0.6737851784556538,0.5783470528165675,C16_quant_3,1.0,C16
rop_any,0.683824241944704,0.7124349912940479,C16_quant_3,2.0,C16
bpd_any,0.745302136569939,0.7954926616822477,RF_C_quant_3,0.0,RF_C
bpd_any,0.6944245496854842,0.682575629780912,RF_C_quant_3,1.0,RF_C
bpd_any,0.6797233131913302,0.6209575134160435,RF_C_quant_3,2.0,RF_C
ivh_any,0.7291647959692706,0.769341835609334,RF_C_quant_3,0.0,RF_C
ivh_any,0.6965530291084551,0.6632751818405489,RF_C_quant_3,1.0,RF_C
ivh_any,0.691603480897205,0.6276948306041279,RF_C_quant_3,2.0,RF_C
nec_any,0.7074374048384369,0.9097411741242221,RF_C_quant_3,0.0,RF_C
nec_any,0.6683796614504244,0.8433322062973214,RF_C_quant_3,1.0,RF_C
nec_any,0.6780977136535068,0.8183090101910926,RF_C_quant_3,2.0,RF_C
rop_any,0.7103156411140454,0.7122397681216803,RF_C_quant_3,0.0,RF_C
rop_any,0.6747572958213439,0.5940068929121606,RF_C_quant_3,1.0,RF_C
rop_any,0.6639128371389216,0.5531214507753867,RF_C_quant_3,2.0,RF_C
bpd_any,0.7322118605499194,0.7404040626969146,FC_quant_3,0.0,FC
bpd_any,0.71494581532856,0.7197441571898711,FC_quant_3,1.0,FC
bpd_any,0.6989518374307817,0.6961883815099785,FC_quant_3,2.0,FC
ivh_any,0.7261982685158883,0.7003058459296778,FC_quant_3,0.0,FC
ivh_any,0.7155986749437163,0.715156782411706,FC_quant_3,1.0,FC
ivh_any,0.6908984235066471,0.6881972876366187,FC_quant_3,2.0,FC
nec_any,0.6962670585765274,0.8717678177120798,FC_quant_3,0.0,FC
nec_any,0.7070445025092281,0.884665219403754,FC_quant_3,1.0,FC
nec_any,0.6811633948092115,0.8476976206693683,FC_quant_3,2.0,FC
rop_any,0.7036195523950355,0.6569361371723303,FC_quant_3,0.0,FC
rop_any,0.6882199514744308,0.6279751007946675,FC_quant_3,1.0,FC
rop_any,0.6810642698914898,0.6231600047930492,FC_quant_3,2.0,FC
bpd_any,0.7105848209396561,0.7002245252413422,ORN_quant_3,0.0,ORN
bpd_any,0.7359349682163779,0.7426195167821866,ORN_quant_3,1.0,ORN
bpd_any,0.6820573806255255,0.7017367203703637,ORN_quant_3,2.0,ORN
ivh_any,0.7279132262018616,0.7023221126634955,ORN_quant_3,0.0,ORN
ivh_any,0.7193890092910321,0.7088094404061883,ORN_quant_3,1.0,ORN
ivh_any,0.6723891506043866,0.6872648237046658,ORN_quant_3,2.0,ORN
nec_any,0.6888735186026345,0.8498167745589803,ORN_quant_3,0.0,ORN
nec_any,0.7000237041719343,0.8855027633205452,ORN_quant_3,1.0,ORN
nec_any,0.6786877202372987,0.8620954795522555,ORN_quant_3,2.0,ORN
rop_any,0.6834670457362091,0.6179643631029814,ORN_quant_3,0.0,ORN
rop_any,0.7113879932618355,0.6618628846911967,ORN_quant_3,1.0,ORN
rop_any,0.6655928823439179,0.6169540294389948,ORN_quant_3,2.0,ORN
bpd_any,0.707343412526998,0.7506335479556661,C051_quant_3,0.0,C051
bpd_any,0.74692956583294,0.7375826504044479,C051_quant_3,1.0,C051
bpd_any,0.6899527138317303,0.6626198179076609,C051_quant_3,2.0,C051
ivh_any,0.6925677852386595,0.719977154211249,C051_quant_3,0.0,C051
ivh_any,0.7427523440212986,0.7202031199432635,C051_quant_3,1.0,C051
ivh_any,0.6999980781861695,0.6647956896327143,C051_quant_3,2.0,C051
nec_any,0.6770802209341039,0.8782204360367913,C051_quant_3,0.0,C051
nec_any,0.7278240334988803,0.8849030289669524,C051_quant_3,1.0,C051
nec_any,0.6764988135693487,0.840615345685525,C051_quant_3,2.0,C051
rop_any,0.671997051046727,0.6667015989277185,C051_quant_3,0.0,C051
rop_any,0.7212678936605317,0.6508737819884589,C051_quant_3,1.0,C051
rop_any,0.6760815851143647,0.5863037504575377,C051_quant_3,2.0,C051
bpd_any,0.7161386023055146,0.7892095310121278,C04_quant_3,0.0,C04
bpd_any,0.7132379201333316,0.7177352501493104,C04_quant_3,1.0,C04
bpd_any,0.665552948377882,0.5596687775033269,C04_quant_3,2.0,C04
ivh_any,0.6996499639529274,0.7782426911441743,C04_quant_3,0.0,C04
ivh_any,0.6950202829207406,0.6719894471224999,C04_quant_3,1.0,C04
ivh_any,0.6907537233328861,0.5673641690768645,C04_quant_3,2.0,C04
nec_any,0.6825888922685759,0.8994485238099521,C04_quant_3,0.0,C04
nec_any,0.6918059226358854,0.8688804263544604,C04_quant_3,1.0,C04
nec_any,0.6536922248845367,0.7911855776452638,C04_quant_3,2.0,C04
rop_any,0.6894368308815841,0.7219945735970522,C04_quant_3,0.0,C04
rop_any,0.6789305821927059,0.6148534829374684,C04_quant_3,1.0,C04
rop_any,0.6513833600441158,0.47654822265457314,C04_quant_3,2.0,C04
bpd_any,0.6741056594593312,0.7019554339947802,RC_A_quant_3,0.0,RC_A
bpd_any,0.709422474418796,0.7007792964301609,RC_A_quant_3,1.0,RC_A
bpd_any,0.7413829151732378,0.7403530737596917,RC_A_quant_3,2.0,RC_A
ivh_any,0.6762593941464274,0.6829652495695058,RC_A_quant_3,0.0,RC_A
ivh_any,0.6980164229693184,0.6693328153777057,RC_A_quant_3,1.0,RC_A
ivh_any,0.7500380726120857,0.7398426278055785,RC_A_quant_3,2.0,RC_A
nec_any,0.6514166652927308,0.8518753840120991,RC_A_quant_3,0.0,RC_A
nec_any,0.6825356876007709,0.8514095400645625,RC_A_quant_3,1.0,RC_A
nec_any,0.7351671263462044,0.8933841509692904,RC_A_quant_3,2.0,RC_A
rop_any,0.6499740692681344,0.6154928489202643,RC_A_quant_3,0.0,RC_A
rop_any,0.6798635897397077,0.5985589308681996,RC_A_quant_3,1.0,RC_A
rop_any,0.7239037386443047,0.6769956441104517,RC_A_quant_3,2.0,RC_A
bpd_any,0.7289258504494296,0.7293877975374523,C06_quant_3,0.0,C06
bpd_any,0.7050246282425813,0.702872924781836,C06_quant_3,1.0,C06
bpd_any,0.7128517477869423,0.7230751161830492,C06_quant_3,2.0,C06
ivh_any,0.721162800950035,0.7096995637872446,C06_quant_3,0.0,C06
ivh_any,0.694474345681562,0.6874963564318624,C06_quant_3,1.0,C06
ivh_any,0.7215918526131211,0.7092869719279653,C06_quant_3,2.0,C06
nec_any,0.7052084389040911,0.8733742489122176,C06_quant_3,0.0,C06
nec_any,0.6767342819574376,0.8552141389494976,C06_quant_3,1.0,C06
nec_any,0.7034018200581668,0.8776821143040641,C06_quant_3,2.0,C06
rop_any,0.7019284134668751,0.6479586539047977,C06_quant_3,0.0,C06
rop_any,0.6774151949663653,0.6195540775649172,C06_quant_3,1.0,C06
rop_any,0.6934357628029495,0.6380841881958518,C06_quant_3,2.0,C06
bpd_any,0.742835582446718,0.7833495541769897,RL_A_quant_3,0.0,RL_A
bpd_any,0.7167181330017626,0.7183303624193292,RL_A_quant_3,1.0,RL_A
bpd_any,0.674887622462701,0.6125492633113028,RL_A_quant_3,2.0,RL_A
ivh_any,0.7431666051884418,0.757326482374422,RL_A_quant_3,0.0,RL_A
ivh_any,0.7164565916744672,0.6971485394610357,RL_A_quant_3,1.0,RL_A
ivh_any,0.6670716215742009,0.6110834480736784,RL_A_quant_3,2.0,RL_A
nec_any,0.7169107635476728,0.8938339181556956,RL_A_quant_3,0.0,RL_A
nec_any,0.6907144080863458,0.8720310441172703,RL_A_quant_3,1.0,RL_A
nec_any,0.6638059404363752,0.8219469713086798,RL_A_quant_3,2.0,RL_A
rop_any,0.7129651750072117,0.7080093290598148,RL_A_quant_3,0.0,RL_A
rop_any,0.6941283308231618,0.6212346937293158,RL_A_quant_3,1.0,RL_A
rop_any,0.656395519968071,0.5385654488067873,RL_A_quant_3,2.0,RL_A
bpd_any,0.7281401154626306,0.7604149033250416,C05OH_quant_3,0.0,C05OH
bpd_any,0.6961571862787668,0.6933523628692214,C05OH_quant_3,1.0,C05OH
bpd_any,0.7230372585651008,0.7048119239482561,C05OH_quant_3,2.0,C05OH
ivh_any,0.7254426619132501,0.7304973700944704,C05OH_quant_3,0.0,C05OH
ivh_any,0.6863751070775357,0.6749205574671818,C05OH_quant_3,1.0,C05OH
ivh_any,0.7280037693117838,0.7024520714195,C05OH_quant_3,2.0,C05OH
nec_any,0.7269974424552429,0.9043447633708246,C05OH_quant_3,0.0,C05OH
nec_any,0.6661930091185411,0.8565374980279306,C05OH_quant_3,1.0,C05OH
nec_any,0.6934639877573185,0.8446554720985338,C05OH_quant_3,2.0,C05OH
rop_any,0.7115942028985507,0.6999900942022723,C05OH_quant_3,0.0,C05OH
rop_any,0.676027191665931,0.6179090485217356,C05OH_quant_3,1.0,C05OH
rop_any,0.6873576946808932,0.589594727696843,C05OH_quant_3,2.0,C05OH
bpd_any,0.7399103454337699,0.7538074796965293,C08_quant_3,0.0,C08
bpd_any,0.7117152655053438,0.7192803606641145,C08_quant_3,1.0,C08
bpd_any,0.6960809650228805,0.6827734468147151,C08_quant_3,2.0,C08
ivh_any,0.7191431984980373,0.707916286068337,C08_quant_3,0.0,C08
ivh_any,0.717419487046744,0.7256799741377498,C08_quant_3,1.0,C08
ivh_any,0.6987063609700717,0.6672973237482789,C08_quant_3,2.0,C08
nec_any,0.7119750990379174,0.8919419458892963,C08_quant_3,0.0,C08
nec_any,0.687400504756358,0.869841567589284,C08_quant_3,1.0,C08
nec_any,0.6867924957189835,0.8435817365010996,C08_quant_3,2.0,C08
rop_any,0.6986429596023619,0.6523514948281182,C08_quant_3,0.0,C08
rop_any,0.6992075627976617,0.6592283637826903,C08_quant_3,1.0,C08
rop_any,0.6718209984957779,0.5882910483328297,C08_quant_3,2.0,C08
bpd_any,0.7006645898234684,0.6645616130544316,MET_quant_3,0.0,MET
bpd_any,0.717782599394921,0.7638520898440595,MET_quant_3,1.0,MET
bpd_any,0.7129255906013849,0.7094497489789844,MET_quant_3,2.0,MET
ivh_any,0.7011260330578512,0.6814275278341893,MET_quant_3,0.0,MET
ivh_any,0.6999968203699818,0.7274629806988793,MET_quant_3,1.0,MET
ivh_any,0.7280510044932064,0.6888270774269513,MET_quant_3,2.0,MET
nec_any,0.6907764505119455,0.8521079104616665,MET_quant_3,0.0,MET
nec_any,0.6859625767613634,0.888624636761318,MET_quant_3,1.0,MET
nec_any,0.6959395351278458,0.8564578937855025,MET_quant_3,2.0,MET
rop_any,0.6807581453634086,0.5977317370388456,MET_quant_3,0.0,MET
rop_any,0.6804224901706708,0.6668551757523846,MET_quant_3,1.0,MET
rop_any,0.7020490768769043,0.630017993451272,MET_quant_3,2.0,MET
bpd_any,0.6953040437401127,0.6988259898408357,C14OH_quant_3,0.0,C14OH
bpd_any,0.7264392507303661,0.7208842490904294,C14OH_quant_3,1.0,C14OH
bpd_any,0.714097906802746,0.7269048611502356,C14OH_quant_3,2.0,C14OH
ivh_any,0.6970589905989946,0.7058047702099198,C14OH_quant_3,0.0,C14OH
ivh_any,0.7263475691449337,0.7132176116175208,C14OH_quant_3,1.0,C14OH
ivh_any,0.7064305795729154,0.6900345678466437,C14OH_quant_3,2.0,C14OH
nec_any,0.6466499303826844,0.8480147171541743,C14OH_quant_3,0.0,C14OH
nec_any,0.7152508280194406,0.8694150231623161,C14OH_quant_3,1.0,C14OH
nec_any,0.6974763485528864,0.8798949320996907,C14OH_quant_3,2.0,C14OH
rop_any,0.6785284131615288,0.6305895327895465,C14OH_quant_3,0.0,C14OH
rop_any,0.7030571853532956,0.6383785505432849,C14OH_quant_3,1.0,C14OH
rop_any,0.6844785931488861,0.6363575936037993,C14OH_quant_3,2.0,C14OH
bpd_any,0.7244369327073552,0.7355373825952128,C141_quant_3,0.0,C141
bpd_any,0.7161397115076993,0.7188428720875477,C141_quant_3,1.0,C141
bpd_any,0.7081382978723404,0.7104831268249697,C141_quant_3,2.0,C141
ivh_any,0.6961706264523165,0.6708922421988563,C141_quant_3,0.0,C141
ivh_any,0.7144686632077266,0.7060330994743482,C141_quant_3,1.0,C141
ivh_any,0.7217170787809086,0.7182508034435436,C141_quant_3,2.0,C141
nec_any,0.6665776650423869,0.8575887306959808,C141_quant_3,0.0,C141
nec_any,0.7099108807082946,0.8787901796798545,C141_quant_3,1.0,C141
nec_any,0.6990587869577232,0.8677050740249483,C141_quant_3,2.0,C141
rop_any,0.684910490560576,0.6121005838624386,C141_quant_3,0.0,C141
rop_any,0.69557235594691,0.6369982131020263,C141_quant_3,1.0,C141
rop_any,0.6898169326241135,0.6488393677060185,C141_quant_3,2.0,C141
bpd_any,0.7330559402512612,0.7406306725340872,XLE_quant_3,0.0,XLE
bpd_any,0.7012048456822254,0.7205414988135838,XLE_quant_3,1.0,XLE
bpd_any,0.7014591730522213,0.6815730435185259,XLE_quant_3,2.0,XLE
ivh_any,0.7382983149573538,0.748192736302558,XLE_quant_3,0.0,XLE
ivh_any,0.6825053303811223,0.6657405554830227,XLE_quant_3,1.0,XLE
ivh_any,0.7109888802353754,0.6788399656973887,XLE_quant_3,2.0,XLE
nec_any,0.725966107063668,0.8883939331633909,XLE_quant_3,0.0,XLE
nec_any,0.6555385179505984,0.8610433699516606,XLE_quant_3,1.0,XLE
nec_any,0.6884426361585563,0.847346215920304,XLE_quant_3,2.0,XLE
rop_any,0.705614691215957,0.6714391402179876,XLE_quant_3,0.0,XLE
rop_any,0.6811433829507911,0.6309629666680198,XLE_quant_3,1.0,XLE
rop_any,0.6795214570181249,0.5898943885096066,XLE_quant_3,2.0,XLE
bpd_any,0.6969196162144792,0.6618802720005224,GLY_quant_3,0.0,GLY
bpd_any,0.7157870755576687,0.7137084489443257,GLY_quant_3,1.0,GLY
bpd_any,0.7194393578499539,0.7629517306187137,GLY_quant_3,2.0,GLY
ivh_any,0.7025212584151497,0.6563909007664357,GLY_quant_3,0.0,GLY
ivh_any,0.7017656156298331,0.6901737432737991,GLY_quant_3,1.0,GLY
ivh_any,0.7231146637553674,0.743797551436925,GLY_quant_3,2.0,GLY
nec_any,0.6777421779201771,0.8254782928357838,GLY_quant_3,0.0,GLY
nec_any,0.7050153316251523,0.883357008198686,GLY_quant_3,1.0,GLY
nec_any,0.6871040723981899,0.8870687979575385,GLY_quant_3,2.0,GLY
rop_any,0.6752790198858472,0.579553293359333,GLY_quant_3,0.0,GLY
rop_any,0.6935608987768563,0.6363408048193232,GLY_quant_3,1.0,GLY
rop_any,0.6972347962446972,0.6764909201133552,GLY_quant_3,2.0,GLY
bpd_any,0.6967734739935969,0.6729966144931709,C10_quant_5,0.0,C10
bpd_any,0.7353490601907722,0.7108828853378028,C10_quant_5,1.0,C10
bpd_any,0.7253986380746945,0.726948213202218,C10_quant_5,2.0,C10
bpd_any,0.6841244167962675,0.689032840015106,C10_quant_5,3.0,C10
bpd_any,0.7207549510290374,0.7635421068677843,C10_quant_5,4.0,C10
ivh_any,0.6609838257604979,0.5860017036104749,C10_quant_5,0.0,C10
ivh_any,0.7340502888405404,0.7081180116019672,C10_quant_5,1.0,C10
ivh_any,0.7226953558083193,0.7010177788586044,C10_quant_5,2.0,C10
ivh_any,0.6843043090638931,0.6699983010519861,C10_quant_5,3.0,C10
ivh_any,0.7307236649826729,0.761450825403938,C10_quant_5,4.0,C10
nec_any,0.6705796038151137,0.8349217768233792,C10_quant_5,0.0,C10
nec_any,0.7074437319250597,0.8775180208133225,C10_quant_5,1.0,C10
nec_any,0.6735026984335922,0.8687184528022515,C10_quant_5,2.0,C10
nec_any,0.6873628318584071,0.8514416947930995,C10_quant_5,3.0,C10
nec_any,0.7044800750968992,0.8870388821446853,C10_quant_5,4.0,C10
rop_any,0.6707659802464643,0.5788385838600508,C10_quant_5,0.0,C10
rop_any,0.7013230414043723,0.5953717745183105,C10_quant_5,1.0,C10
rop_any,0.6977981425671935,0.6319116817180372,C10_quant_5,2.0,C10
rop_any,0.6601762399077278,0.6135373295632847,C10_quant_5,3.0,C10
rop_any,0.7106604352586008,0.715001403919526,C10_quant_5,4.0,C10
bpd_any,0.7470301029189644,0.826483335474091,C05_quant_5,0.0,C05
bpd_any,0.7117686899617472,0.7360626499879366,C05_quant_5,1.0,C05
bpd_any,0.6884268162563811,0.670710821828437,C05_quant_5,2.0,C05
bpd_any,0.6961954141583593,0.6338338689106771,C05_quant_5,3.0,C05
bpd_any,0.6865111118842462,0.5914814867413711,C05_quant_5,4.0,C05
ivh_any,0.7346247910132232,0.8163565383551242,C05_quant_5,0.0,C05
ivh_any,0.6886059702728439,0.6733718649038554,C05_quant_5,1.0,C05
ivh_any,0.6788642305670655,0.6562486357603967,C05_quant_5,2.0,C05
ivh_any,0.706377331688535,0.6415355404944462,C05_quant_5,3.0,C05
ivh_any,0.7113545369359323,0.5941130315117538,C05_quant_5,4.0,C05
nec_any,0.7178603584290859,0.9225049659587709,C05_quant_5,0.0,C05
nec_any,0.6568627450980392,0.8840276234077759,C05_quant_5,1.0,C05
nec_any,0.6819970205126247,0.8413588448935855,C05_quant_5,2.0,C05
nec_any,0.6594204550636086,0.8231378269411657,C05_quant_5,3.0,C05
nec_any,0.6929449055617279,0.7912100098334581,C05_quant_5,4.0,C05
rop_any,0.7234551068909212,0.7753609286736892,C05_quant_5,0.0,C05
rop_any,0.6657994869461427,0.6247594040123158,C05_quant_5,1.0,C05
rop_any,0.6677516505865237,0.5829723872655,C05_quant_5,2.0,C05
rop_any,0.6733377856118415,0.549916415664856,C05_quant_5,3.0,C05
rop_any,0.6695135936812879,0.49351539148245527,C05_quant_5,4.0,C05
bpd_any,0.7226023677636582,0.7380868340710274,C05DC_quant_5,0.0,C05DC
bpd_any,0.6855245143385754,0.7274166771096264,C05DC_quant_5,1.0,C05DC
bpd_any,0.6994905058110985,0.7336687094990096,C05DC_quant_5,2.0,C05DC
bpd_any,0.733511952457265,0.7078775770331556,C05DC_quant_5,3.0,C05DC
bpd_any,0.721505481173361,0.6813012152617508,C05DC_quant_5,4.0,C05DC
ivh_any,0.6769197349842512,0.6960356057654332,C05DC_quant_5,0.0,C05DC
ivh_any,0.704734935163997,0.7421178331292568,C05DC_quant_5,1.0,C05DC
ivh_any,0.6868800855259252,0.7059319673672599,C05DC_quant_5,2.0,C05DC
ivh_any,0.7196447196870925,0.6775975228332676,C05DC_quant_5,3.0,C05DC
ivh_any,0.742007936847205,0.6782079475056694,C05DC_quant_5,4.0,C05DC
nec_any,0.6808080808080809,0.8871449509367375,C05DC_quant_5,0.0,C05DC
nec_any,0.6743013398960898,0.8800079803500533,C05DC_quant_5,1.0,C05DC
nec_any,0.6794459256535197,0.8714208002043056,C05DC_quant_5,2.0,C05DC
nec_any,0.7013703362505758,0.8678582004074009,C05DC_quant_5,3.0,C05DC
nec_any,0.7174555597185795,0.8384237466122015,C05DC_quant_5,4.0,C05DC
rop_any,0.6761865160998526,0.6221645938783089,C05DC_quant_5,0.0,C05DC
rop_any,0.6875080515297906,0.6779110359604528,C05DC_quant_5,1.0,C05DC
rop_any,0.6688634855077809,0.6413513975824545,C05DC_quant_5,2.0,C05DC
rop_any,0.7033276637770218,0.6329177718808582,C05DC_quant_5,3.0,C05DC
rop_any,0.7057660916045195,0.591935209264338,C05DC_quant_5,4.0,C05DC
bpd_any,0.713417032852061,0.7051142990640342,C18_quant_5,0.0,C18
bpd_any,0.7076510906294469,0.6965772047585818,C18_quant_5,1.0,C18
bpd_any,0.697481288369355,0.7209550937593128,C18_quant_5,2.0,C18
bpd_any,0.7367491466127745,0.7508401580931701,C18_quant_5,3.0,C18
bpd_any,0.7017417391177712,0.7093670740239512,C18_quant_5,4.0,C18
ivh_any,0.7267897213174086,0.6624220604731674,C18_quant_5,0.0,C18
ivh_any,0.6943734960689878,0.669792159888379,C18_quant_5,1.0,C18
ivh_any,0.6874731356114335,0.6906173259086715,C18_quant_5,2.0,C18
ivh_any,0.7241645273809386,0.7597423477522711,C18_quant_5,3.0,C18
ivh_any,0.6927698975571316,0.7077584048459897,C18_quant_5,4.0,C18
nec_any,0.6873883161512028,0.8404082301188773,C18_quant_5,0.0,C18
nec_any,0.7055329260013579,0.8688465992944752,C18_quant_5,1.0,C18
nec_any,0.6638078731373018,0.8565466179835028,C18_quant_5,2.0,C18
nec_any,0.674220433654396,0.8652297142186378,C18_quant_5,3.0,C18
nec_any,0.7093881037428171,0.900220826569011,C18_quant_5,4.0,C18
rop_any,0.7024093221729854,0.6343576609837629,C18_quant_5,0.0,C18
rop_any,0.6821050334594123,0.6134074615558258,C18_quant_5,1.0,C18
rop_any,0.6709628042247053,0.6354342574734049,C18_quant_5,2.0,C18
rop_any,0.7025624124577738,0.6664484254673653,C18_quant_5,3.0,C18
rop_any,0.6853243309150765,0.6225719315394426,C18_quant_5,4.0,C18
bpd_any,0.6383915582864711,0.5729326914898834,C181_quant_5,0.0,C181
bpd_any,0.7202661596958174,0.7347305888994553,C181_quant_5,1.0,C181
bpd_any,0.7210392661686293,0.7275373922011964,C181_quant_5,2.0,C181
bpd_any,0.7079561984088314,0.7205770595660966,C181_quant_5,3.0,C181
bpd_any,0.729473872961627,0.7642314517115845,C181_quant_5,4.0,C181
ivh_any,0.6600035435163494,0.5561291451943002,C181_quant_5,0.0,C181
ivh_any,0.7029682094971269,0.6909508303093282,C181_quant_5,1.0,C181
ivh_any,0.7079165435642032,0.6971460699363665,C181_quant_5,2.0,C181
ivh_any,0.681044604199306,0.697133029181684,C181_quant_5,3.0,C181
ivh_any,0.7274982967917751,0.7805121365536527,C181_quant_5,4.0,C181
nec_any,0.6397220693450743,0.800391254298001,C181_quant_5,0.0,C181
nec_any,0.7008107163148463,0.8748195149974446,C181_quant_5,1.0,C181
nec_any,0.6939989884264081,0.8673226989479133,C181_quant_5,2.0,C181
nec_any,0.6507267441860466,0.8512351279645102,C181_quant_5,3.0,C181
nec_any,0.7155301173889704,0.9045313215564809,C181_quant_5,4.0,C181
rop_any,0.6292008109443413,0.4843357158653884,C181_quant_5,0.0,C181
rop_any,0.6857106699723313,0.6475408467397414,C181_quant_5,1.0,C181
rop_any,0.6931507820192524,0.6479824789042186,C181_quant_5,2.0,C181
rop_any,0.6939854558541775,0.6421953206516082,C181_quant_5,3.0,C181
rop_any,0.7050261064753819,0.6842602473984185,C181_quant_5,4.0,C181
bpd_any,0.6962949038559021,0.7107199434717522,CIT_quant_5,0.0,CIT
bpd_any,0.6986812570145904,0.7544587140836011,CIT_quant_5,1.0,CIT
bpd_any,0.7094102644477375,0.7254845368458847,CIT_quant_5,2.0,CIT
bpd_any,0.7492784222313076,0.743343498457947,CIT_quant_5,3.0,CIT
bpd_any,0.6981627091950303,0.6332083340755016,CIT_quant_5,4.0,CIT
ivh_any,0.6946976135141698,0.7148037500638234,CIT_quant_5,0.0,CIT
ivh_any,0.6796079199855525,0.7107438153958827,CIT_quant_5,1.0,CIT
ivh_any,0.7023208954671053,0.7252540757034118,CIT_quant_5,2.0,CIT
ivh_any,0.7368335721065695,0.7039672744371565,CIT_quant_5,3.0,CIT
ivh_any,0.7194823640811173,0.6437096601062438,CIT_quant_5,4.0,CIT
nec_any,0.6543215528291522,0.8392681004343809,CIT_quant_5,0.0,CIT
nec_any,0.6718366358889234,0.8827634862010056,CIT_quant_5,1.0,CIT
nec_any,0.694577654383308,0.8789421261777053,CIT_quant_5,2.0,CIT
nec_any,0.747328363147957,0.8892945582768363,CIT_quant_5,3.0,CIT
nec_any,0.6907055454308773,0.8434298629943768,CIT_quant_5,4.0,CIT
rop_any,0.6751249066261741,0.6335327473791583,CIT_quant_5,0.0,CIT
rop_any,0.6623868664786827,0.642795927497336,CIT_quant_5,1.0,CIT
rop_any,0.6848342896662021,0.6529810164887837,CIT_quant_5,2.0,CIT
rop_any,0.7340983310437275,0.6761019211924416,CIT_quant_5,3.0,CIT
rop_any,0.6772174033640554,0.5485899543090896,CIT_quant_5,4.0,CIT
bpd_any,0.6831710615280595,0.7235958360805343,C16OH_quant_5,0.0,C16OH
bpd_any,0.7420058139534882,0.7575570673760142,C16OH_quant_5,1.0,C16OH
bpd_any,0.7327916612313101,0.7352194515846755,C16OH_quant_5,2.0,C16OH
bpd_any,0.7210836084736378,0.7305492731733395,C16OH_quant_5,3.0,C16OH
bpd_any,0.6920614089669762,0.6596732659125006,C16OH_quant_5,4.0,C16OH
ivh_any,0.6612192513368984,0.6664008430073048,C16OH_quant_5,0.0,C16OH
ivh_any,0.7234931091927912,0.7110065556005526,C16OH_quant_5,1.0,C16OH
ivh_any,0.7427014536199977,0.7341126691167158,C16OH_quant_5,2.0,C16OH
ivh_any,0.7152425868704938,0.7149596805698661,C16OH_quant_5,3.0,C16OH
ivh_any,0.7007378057111627,0.6726246369264643,C16OH_quant_5,4.0,C16OH
nec_any,0.6199810246679317,0.8498476285628576,C16OH_quant_5,0.0,C16OH
nec_any,0.7398920360171343,0.8937032403981484,C16OH_quant_5,1.0,C16OH
nec_any,0.734214925189462,0.8925422324495599,C16OH_quant_5,2.0,C16OH
nec_any,0.7053009490509491,0.8707751756949198,C16OH_quant_5,3.0,C16OH
nec_any,0.6620937725929827,0.84037489592411,C16OH_quant_5,4.0,C16OH
rop_any,0.645220442053561,0.616227214355937,C16OH_quant_5,0.0,C16OH
rop_any,0.7200648667601682,0.6756399457024274,C16OH_quant_5,1.0,C16OH
rop_any,0.7004961005199306,0.6325098954206554,C16OH_quant_5,2.0,C16OH
rop_any,0.710454742997116,0.6659230332575247,C16OH_quant_5,3.0,C16OH
rop_any,0.6664983412629235,0.589683744280472,C16OH_quant_5,4.0,C16OH
bpd_any,0.7125337363058546,0.7300702124067517,C181OH_quant_5,0.0,C181OH
bpd_any,0.7251194993958592,0.7192724620395783,C181OH_quant_5,1.0,C181OH
bpd_any,0.7016033861769762,0.6967261718678079,C181OH_quant_5,2.0,C181OH
ivh_any,0.6946290636182753,0.6863724504530768,C181OH_quant_5,0.0,C181OH
ivh_any,0.7323018056338132,0.7253345343714784,C181OH_quant_5,1.0,C181OH
ivh_any,0.7079082645284217,0.6898484383436461,C181OH_quant_5,2.0,C181OH
nec_any,0.6831521492184661,0.8630633707390434,C181OH_quant_5,0.0,C181OH
nec_any,0.7112359550561796,0.8778021658000125,C181OH_quant_5,1.0,C181OH
nec_any,0.6867774566473989,0.863247338882408,C181OH_quant_5,2.0,C181OH
rop_any,0.6816121368805352,0.6320547709436586,C181OH_quant_5,0.0,C181OH
rop_any,0.7024641373123681,0.6456441829283222,C181OH_quant_5,1.0,C181OH
rop_any,0.6850233776987862,0.6256968213996847,C181OH_quant_5,2.0,C181OH
bpd_any,0.649199356095908,0.6372267842742365,C14_quant_5,0.0,C14
bpd_any,0.712317196024721,0.6577905131933763,C14_quant_5,1.0,C14
bpd_any,0.7165168562227385,0.6949690592671507,C14_quant_5,2.0,C14
bpd_any,0.7223788427976909,0.7349296015939817,C14_quant_5,3.0,C14
bpd_any,0.73497735439835,0.7873099144935334,C14_quant_5,4.0,C14
ivh_any,0.6558683437437609,0.5959491018427541,C14_quant_5,0.0,C14
ivh_any,0.7253201162251144,0.6527668559135406,C14_quant_5,1.0,C14
ivh_any,0.6966005337046061,0.64772418349579,C14_quant_5,2.0,C14
ivh_any,0.7201471360263343,0.7443865867460762,C14_quant_5,3.0,C14
ivh_any,0.7121783626550389,0.7716811786246829,C14_quant_5,4.0,C14
nec_any,0.6195348165791514,0.7963378329429647,C14_quant_5,0.0,C14
nec_any,0.6912137462496121,0.8397058991100854,C14_quant_5,1.0,C14
nec_any,0.7191780821917808,0.8660293716969059,C14_quant_5,2.0,C14
nec_any,0.6883007704422595,0.8788785182516476,C14_quant_5,3.0,C14
nec_any,0.7088100212229739,0.9069559155570142,C14_quant_5,4.0,C14
rop_any,0.6293754944390153,0.5324541235190883,C14_quant_5,0.0,C14
rop_any,0.7054362837950512,0.5883618596200706,C14_quant_5,1.0,C14
rop_any,0.6641408127476239,0.5767358650524865,C14_quant_5,2.0,C14
rop_any,0.703980361477202,0.6685866726997076,C14_quant_5,3.0,C14
rop_any,0.7018902562594622,0.7126254778581269,C14_quant_5,4.0,C14
bpd_any,0.7270408163265306,0.6778006996056716,C12_quant_5,0.0,C12
bpd_any,0.7032057087398116,0.6750787229207593,C12_quant_5,1.0,C12
bpd_any,0.70012945788596,0.7070920862911743,C12_quant_5,2.0,C12
bpd_any,0.7030276474903487,0.7009561903426471,C12_quant_5,3.0,C12
bpd_any,0.7361022426036649,0.7891151672801342,C12_quant_5,4.0,C12
ivh_any,0.7201268969126111,0.6395094505459427,C12_quant_5,0.0,C12
ivh_any,0.6971660036166365,0.650127527404315,C12_quant_5,1.0,C12
ivh_any,0.7013907642452065,0.6752941997999248,C12_quant_5,2.0,C12
ivh_any,0.7057920334829569,0.7081804363267563,C12_quant_5,3.0,C12
ivh_any,0.7288834966793679,0.7746347974144936,C12_quant_5,4.0,C12
nec_any,0.6854101255886971,0.8382186183038967,C12_quant_5,0.0,C12
nec_any,0.6991984022023697,0.853619161293024,C12_quant_5,1.0,C12
nec_any,0.6860902255639096,0.8617696730792427,C12_quant_5,2.0,C12
nec_any,0.6805345351405284,0.8710654964620765,C12_quant_5,3.0,C12
nec_any,0.7066338933607044,0.8964785676476945,C12_quant_5,4.0,C12
rop_any,0.6973017688631071,0.5707129143188718,C12_quant_5,0.0,C12
rop_any,0.6768887748695904,0.5680452038359917,C12_quant_5,1.0,C12
rop_any,0.6691306918982849,0.6057976268452153,C12_quant_5,2.0,C12
rop_any,0.6907759162519449,0.6522134080452577,C12_quant_5,3.0,C12
rop_any,0.7091770508826584,0.718370721715228,C12_quant_5,4.0,C12
bpd_any,0.7442787290061981,0.7490023078467883,PHE_quant_5,0.0,PHE
bpd_any,0.7229933525518939,0.7224074460974471,PHE_quant_5,1.0,PHE
bpd_any,0.7203992582087924,0.7107577797047431,PHE_quant_5,2.0,PHE
bpd_any,0.6892714764237999,0.7120463926527257,PHE_quant_5,3.0,PHE
bpd_any,0.6853446351077607,0.6887478940099991,PHE_quant_5,4.0,PHE
ivh_any,0.7618281191773286,0.7856105219352693,PHE_quant_5,0.0,PHE
ivh_any,0.6969265183550897,0.6785859913940439,PHE_quant_5,1.0,PHE
ivh_any,0.7180613042897744,0.6938998718132463,PHE_quant_5,2.0,PHE
ivh_any,0.6795337149239145,0.660297822318338,PHE_quant_5,3.0,PHE
ivh_any,0.7004620777565328,0.6749929396794824,PHE_quant_5,4.0,PHE
nec_any,0.7402468326780253,0.8973946357894225,PHE_quant_5,0.0,PHE
nec_any,0.6815304766124437,0.8462359115976102,PHE_quant_5,1.0,PHE
nec_any,0.6830402219140084,0.857437043563546,PHE_quant_5,2.0,PHE
nec_any,0.6859881162518957,0.8877696467432714,PHE_quant_5,3.0,PHE
nec_any,0.6736183464810341,0.846407089033836,PHE_quant_5,4.0,PHE
rop_any,0.7261388113282807,0.7033022237641593,PHE_quant_5,0.0,PHE
rop_any,0.6718066503385063,0.6030945311582825,PHE_quant_5,1.0,PHE
rop_any,0.6998384178762308,0.6368385903521032,PHE_quant_5,2.0,PHE
rop_any,0.6850293013396878,0.6332706539059119,PHE_quant_5,3.0,PHE
rop_any,0.6647295721414637,0.5867857224471291,PHE_quant_5,4.0,PHE
bpd_any,0.6551062015791229,0.6603883455846551,TYR_quant_5,0.0,TYR
bpd_any,0.7410260269407325,0.7413945797058307,TYR_quant_5,1.0,TYR
bpd_any,0.7164988448477425,0.744124216650679,TYR_quant_5,2.0,TYR
bpd_any,0.6991078944203943,0.7468152042024081,TYR_quant_5,3.0,TYR
bpd_any,0.7455330541747271,0.6877564572182706,TYR_quant_5,4.0,TYR
ivh_any,0.6540744957709824,0.66284840302836,TYR_quant_5,0.0,TYR
ivh_any,0.7185719878806263,0.7193222604117839,TYR_quant_5,1.0,TYR
ivh_any,0.7071987480438184,0.7277337964234933,TYR_quant_5,2.0,TYR
ivh_any,0.7099751285490722,0.730449955795952,TYR_quant_5,3.0,TYR
ivh_any,0.7455087885985748,0.6464048257945344,TYR_quant_5,4.0,TYR
nec_any,0.6594976270401667,0.8622809192806953,TYR_quant_5,0.0,TYR
nec_any,0.6836829034928349,0.867398993247026,TYR_quant_5,1.0,TYR
nec_any,0.7057536189358373,0.8973215631803886,TYR_quant_5,2.0,TYR
nec_any,0.6866877842755036,0.8793754096801525,TYR_quant_5,3.0,TYR
nec_any,0.7166172833459853,0.822513862609382,TYR_quant_5,4.0,TYR
rop_any,0.6380447487059608,0.5745446170740273,TYR_quant_5,0.0,TYR
rop_any,0.7035708628155033,0.6624400323276607,TYR_quant_5,1.0,TYR
rop_any,0.6922983729610459,0.6598662794035481,TYR_quant_5,2.0,TYR
rop_any,0.6776787219693139,0.6607438867802604,TYR_quant_5,3.0,TYR
rop_any,0.7258399043605682,0.6016834722887761,TYR_quant_5,4.0,TYR
bpd_any,0.7020777103013945,0.6671381305986688,PRO_quant_5,0.0,PRO
bpd_any,0.7090452025694017,0.7193225477370466,PRO_quant_5,1.0,PRO
bpd_any,0.7351374570446736,0.7609341577471411,PRO_quant_5,2.0,PRO
bpd_any,0.7203068316087896,0.7312654734013875,PRO_quant_5,3.0,PRO
bpd_any,0.6901365730493664,0.6956378347477853,PRO_quant_5,4.0,PRO
ivh_any,0.6917694265022509,0.6635399088916611,PRO_quant_5,0.0,PRO
ivh_any,0.7133369551524313,0.7404487011771073,PRO_quant_5,1.0,PRO
ivh_any,0.700996768529715,0.7147498345101331,PRO_quant_5,2.0,PRO
ivh_any,0.7086425101794296,0.6979264506974923,PRO_quant_5,3.0,PRO
ivh_any,0.7326290863037915,0.6849470063129117,PRO_quant_5,4.0,PRO
nec_any,0.6714624881291549,0.8343479406267658,PRO_quant_5,0.0,PRO
nec_any,0.7027803714078225,0.8644775200564137,PRO_quant_5,1.0,PRO
nec_any,0.6822920270301436,0.8916871384290099,PRO_quant_5,2.0,PRO
nec_any,0.7077701262152482,0.8738691126553719,PRO_quant_5,3.0,PRO
nec_any,0.6970653969487902,0.8675342992216393,PRO_quant_5,4.0,PRO
rop_any,0.6716457828308693,0.572196927715545,PRO_quant_5,0.0,PRO
rop_any,0.6906302458511293,0.6596479029028137,PRO_quant_5,1.0,PRO
rop_any,0.6961997474433816,0.6698433212584725,PRO_quant_5,2.0,PRO
rop_any,0.6895502051894826,0.6334967390505355,PRO_quant_5,3.0,PRO
rop_any,0.693588220218541,0.6244661955517842,PRO_quant_5,4.0,PRO
bpd_any,0.6921409724839803,0.6569363264204436,C101_quant_5,0.0,C101
bpd_any,0.7343465391621129,0.7273921061477613,C101_quant_5,1.0,C101
bpd_any,0.7439504445772441,0.7532226122306485,C101_quant_5,2.0,C101
bpd_any,0.709399567050245,0.738578396095559,C101_quant_5,3.0,C101
bpd_any,0.6635942346287176,0.6641971622968137,C101_quant_5,4.0,C101
ivh_any,0.7086940836940838,0.6613193980617615,C101_quant_5,0.0,C101
ivh_any,0.7116693692780649,0.6846267712655982,C101_quant_5,1.0,C101
ivh_any,0.7217177502081522,0.7202820642144017,C101_quant_5,2.0,C101
ivh_any,0.728858751556494,0.7449550608927832,C101_quant_5,3.0,C101
ivh_any,0.6725298408488064,0.6536890990547861,C101_quant_5,4.0,C101
nec_any,0.6895916583416584,0.8670345067272637,C101_quant_5,0.0,C101
nec_any,0.6890322762033287,0.8703877490165102,C101_quant_5,1.0,C101
nec_any,0.7121616523961025,0.8843763330920346,C101_quant_5,2.0,C101
nec_any,0.7059313385312487,0.8830203912912911,C101_quant_5,3.0,C101
nec_any,0.6587533156498673,0.8189969645715957,C101_quant_5,4.0,C101
rop_any,0.6637966463915832,0.574298384893795,C101_quant_5,0.0,C101
rop_any,0.6949420442571128,0.625632853574419,C101_quant_5,1.0,C101
rop_any,0.720711548301536,0.6876609991938483,C101_quant_5,2.0,C101
rop_any,0.6962503486246114,0.6689030394103377,C101_quant_5,3.0,C101
rop_any,0.6469649162346931,0.5561071715594263,C101_quant_5,4.0,C101
bpd_any,0.6734097432706397,0.5912316019698726,RO_C_quant_5,0.0,RO_C
bpd_any,0.7354614583980612,0.7334597466776636,RO_C_quant_5,1.0,RO_C
bpd_any,0.712534329964042,0.7462049523221952,RO_C_quant_5,2.0,RO_C
bpd_any,0.7074849087161367,0.7295785953166007,RO_C_quant_5,3.0,RO_C
bpd_any,0.6456845317160921,0.7179508926212221,RO_C_quant_5,4.0,RO_C
ivh_any,0.7047070914696814,0.5957586099324386,RO_C_quant_5,0.0,RO_C
ivh_any,0.7189918377478609,0.6744091625661935,RO_C_quant_5,1.0,RO_C
ivh_any,0.7143357985326897,0.7547264611713598,RO_C_quant_5,2.0,RO_C
ivh_any,0.6748488507796545,0.7132205365056208,RO_C_quant_5,3.0,RO_C
ivh_any,0.6340918310898026,0.6992389188250938,RO_C_quant_5,4.0,RO_C
nec_any,0.6801731601731602,0.8097178236062094,RO_C_quant_5,0.0,RO_C
nec_any,0.7220826941159004,0.8751651233580278,RO_C_quant_5,1.0,RO_C
nec_any,0.7207221703729927,0.9033932657185546,RO_C_quant_5,2.0,RO_C
nec_any,0.6578308446369543,0.8618729378020998,RO_C_quant_5,3.0,RO_C
nec_any,0.6162941256644405,0.8551026900245258,RO_C_quant_5,4.0,RO_C
rop_any,0.6673149015932521,0.549073608575736,RO_C_quant_5,0.0,RO_C
rop_any,0.7019521525117374,0.6234096213714495,RO_C_quant_5,1.0,RO_C
rop_any,0.6824332354718717,0.6529661213644995,RO_C_quant_5,2.0,RO_C
rop_any,0.6900136524253133,0.6539311107130807,RO_C_quant_5,3.0,RO_C
rop_any,0.638913544269377,0.6454028412810137,RO_C_quant_5,4.0,RO_C
bpd_any,0.7328412880651687,0.7758524465940546,R8_10_quant_5,0.0,R8_10
bpd_any,0.7257030877601821,0.7511887070722003,R8_10_quant_5,1.0,R8_10
bpd_any,0.7111543738643528,0.7037500453114843,R8_10_quant_5,2.0,R8_10
bpd_any,0.6972787967284789,0.6639586833655027,R8_10_quant_5,3.0,R8_10
bpd_any,0.6979622817773106,0.6590177165535098,R8_10_quant_5,4.0,R8_10
ivh_any,0.724643584521385,0.7539882037715941,R8_10_quant_5,0.0,R8_10
ivh_any,0.7172242314647378,0.7437725206382513,R8_10_quant_5,1.0,R8_10
ivh_any,0.7257019029521921,0.6949193967475756,R8_10_quant_5,2.0,R8_10
ivh_any,0.6941865509761388,0.6561069199196109,R8_10_quant_5,3.0,R8_10
ivh_any,0.6913545973421641,0.6278179613048518,R8_10_quant_5,4.0,R8_10
nec_any,0.702463549522373,0.8971938987065913,R8_10_quant_5,0.0,R8_10
nec_any,0.702174740649091,0.885608914546304,R8_10_quant_5,1.0,R8_10
nec_any,0.7042303160375373,0.8751782914363482,R8_10_quant_5,2.0,R8_10
nec_any,0.68104021165348,0.8243302614153039,R8_10_quant_5,3.0,R8_10
nec_any,0.6790801983638144,0.8380387338302793,R8_10_quant_5,4.0,R8_10
rop_any,0.7006424222110497,0.7053621101275326,R8_10_quant_5,0.0,R8_10
rop_any,0.7029562826060581,0.6883666283150727,R8_10_quant_5,1.0,R8_10
rop_any,0.6897285034874696,0.6147882444097157,R8_10_quant_5,2.0,R8_10
rop_any,0.6818666992202784,0.5840610320272338,R8_10_quant_5,3.0,R8_10
rop_any,0.669414778682673,0.5426061694438444,R8_10_quant_5,4.0,R8_10
bpd_any,0.7490810074880871,0.7676963981164905,ARG_quant_5,0.0,ARG
bpd_any,0.7302389705882353,0.7310338259093594,ARG_quant_5,1.0,ARG
bpd_any,0.6933117686934481,0.699200949533433,ARG_quant_5,2.0,ARG
bpd_any,0.706264998046766,0.6864965298978167,ARG_quant_5,3.0,ARG
bpd_any,0.6872012824655996,0.6937062878704275,ARG_quant_5,4.0,ARG
ivh_any,0.7494226971185496,0.7562527682075526,ARG_quant_5,0.0,ARG
ivh_any,0.7279742589524073,0.7450813474651266,ARG_quant_5,1.0,ARG
ivh_any,0.6834265845477678,0.6488623407614651,ARG_quant_5,2.0,ARG
ivh_any,0.7101232029922766,0.6840975873945321,ARG_quant_5,3.0,ARG
ivh_any,0.697558837724279,0.6611481736425414,ARG_quant_5,4.0,ARG
nec_any,0.7338558500323207,0.9000177130784843,ARG_quant_5,0.0,ARG
nec_any,0.7137104841936774,0.8796717342391074,ARG_quant_5,1.0,ARG
nec_any,0.664868901427149,0.8406636420645173,ARG_quant_5,2.0,ARG
nec_any,0.6872623056218466,0.8628731406449595,ARG_quant_5,3.0,ARG
nec_any,0.6615917865917865,0.8484660370332915,ARG_quant_5,4.0,ARG
rop_any,0.7200081927796675,0.6879230515301662,ARG_quant_5,0.0,ARG
rop_any,0.7104472396925225,0.66839667836244,ARG_quant_5,1.0,ARG
rop_any,0.6659295328414383,0.5901112355229353,ARG_quant_5,2.0,ARG
rop_any,0.6867950678002205,0.6141681716896967,ARG_quant_5,3.0,ARG
rop_any,0.6627242260006236,0.5984719348455554,ARG_quant_5,4.0,ARG
bpd_any,0.6997051079515534,0.7046594415267466,C18OH_quant_5,0.0,C18OH
bpd_any,0.715526593701997,0.7143403153547057,C18OH_quant_5,1.0,C18OH
bpd_any,0.7366932590435187,0.7455474347022713,C18OH_quant_5,2.0,C18OH
ivh_any,0.7019101710406058,0.6890037636058808,C18OH_quant_5,0.0,C18OH
ivh_any,0.7078935028054054,0.6950231773183014,C18OH_quant_5,1.0,C18OH
ivh_any,0.7353914753587631,0.7311411783705329,C18OH_quant_5,2.0,C18OH
nec_any,0.694009943795936,0.8823940523753397,C18OH_quant_5,0.0,C18OH
nec_any,0.6882038701843038,0.8590205176096037,C18OH_quant_5,1.0,C18OH
nec_any,0.7082605404146285,0.8687000666586439,C18OH_quant_5,2.0,C18OH
rop_any,0.6765365497076022,0.6220408626767395,C18OH_quant_5,0.0,C18OH
rop_any,0.6907848907979068,0.631396236896289,C18OH_quant_5,1.0,C18OH
rop_any,0.7112809729483973,0.6628704025634304,C18OH_quant_5,2.0,C18OH
bpd_any,0.6739171697344543,0.6329196232204711,C081_quant_5,0.0,C081
bpd_any,0.7330139209395696,0.7169896224753226,C081_quant_5,1.0,C081
bpd_any,0.7201954248664444,0.7226875932411414,C081_quant_5,2.0,C081
bpd_any,0.7282737502570816,0.7678068978135507,C081_quant_5,3.0,C081
bpd_any,0.6833222182321859,0.7047313694132424,C081_quant_5,4.0,C081
ivh_any,0.6938758236030489,0.6176067073995717,C081_quant_5,0.0,C081
ivh_any,0.7273520596513031,0.6868550903693954,C081_quant_5,1.0,C081
ivh_any,0.7218728962860048,0.7109879109323279,C081_quant_5,2.0,C081
ivh_any,0.7004238480089258,0.7306604641239374,C081_quant_5,3.0,C081
ivh_any,0.6805544386108016,0.7183421561482726,C081_quant_5,4.0,C081
nec_any,0.6631752242794425,0.8310321094178431,C081_quant_5,0.0,C081
nec_any,0.7227709288990827,0.8777069032534448,C081_quant_5,1.0,C081
nec_any,0.681756078918454,0.8647488368861584,C081_quant_5,2.0,C081
nec_any,0.6990851365631217,0.8953463317186976,C081_quant_5,3.0,C081
nec_any,0.6855422482705248,0.8551271366521735,C081_quant_5,4.0,C081
rop_any,0.6563220046082949,0.5636228942343812,C081_quant_5,0.0,C081
rop_any,0.7210036356406396,0.6446230605106882,C081_quant_5,1.0,C081
rop_any,0.7008399576643322,0.646098068345534,C081_quant_5,2.0,C081
rop_any,0.6881555711087524,0.6828005462650261,C081_quant_5,3.0,C081
rop_any,0.661663075515072,0.607277044552468,C081_quant_5,4.0,C081
bpd_any,0.771299780131302,0.7343548965563222,RF_Y_quant_5,0.0,RF_Y
bpd_any,0.7177320373546787,0.7394912078911827,RF_Y_quant_5,1.0,RF_Y
bpd_any,0.7160599050286132,0.7446543179758178,RF_Y_quant_5,2.0,RF_Y
bpd_any,0.6828025086551673,0.6811463088205024,RF_Y_quant_5,3.0,RF_Y
bpd_any,0.6543682342567964,0.6853343901250737,RF_Y_quant_5,4.0,RF_Y
ivh_any,0.7729005342457531,0.7030071742916163,RF_Y_quant_5,0.0,RF_Y
ivh_any,0.7142606790799562,0.7284784365310548,RF_Y_quant_5,1.0,RF_Y
ivh_any,0.7069254329709764,0.7231137753237677,RF_Y_quant_5,2.0,RF_Y
ivh_any,0.6788563980505496,0.6618420588484455,RF_Y_quant_5,3.0,RF_Y
ivh_any,0.6563224735668295,0.6808025781562939,RF_Y_quant_5,4.0,RF_Y
nec_any,0.7520576131687242,0.8631376951420988,RF_Y_quant_5,0.0,RF_Y
nec_any,0.6776342975206611,0.859686686416099,RF_Y_quant_5,1.0,RF_Y
nec_any,0.6874586267075886,0.8706275830067588,RF_Y_quant_5,2.0,RF_Y
nec_any,0.6706185364319139,0.8778318546187595,RF_Y_quant_5,3.0,RF_Y
nec_any,0.6615555103240833,0.8738863176491475,RF_Y_quant_5,4.0,RF_Y
rop_any,0.7570199932308287,0.6712903563037815,RF_Y_quant_5,0.0,RF_Y
rop_any,0.6807304718741669,0.6406822397023486,RF_Y_quant_5,1.0,RF_Y
rop_any,0.6820006346184356,0.655952758182806,RF_Y_quant_5,2.0,RF_Y
rop_any,0.6622706770238115,0.5958263525162658,RF_Y_quant_5,3.0,RF_Y
rop_any,0.6472807339254487,0.6124955287855446,RF_Y_quant_5,4.0,RF_Y
bpd_any,0.6691297614922819,0.6166544908757547,ALA_quant_5,0.0,ALA
bpd_any,0.7067536071032187,0.7110338469026616,ALA_quant_5,1.0,ALA
bpd_any,0.735333500411729,0.7177601022286699,ALA_quant_5,2.0,ALA
bpd_any,0.7245097098249993,0.7412677831599365,ALA_quant_5,3.0,ALA
bpd_any,0.708174643234066,0.7652847370013904,ALA_quant_5,4.0,ALA
ivh_any,0.6703404988241529,0.6191940904057059,ALA_quant_5,0.0,ALA
ivh_any,0.7059441957147425,0.7112469452693098,ALA_quant_5,1.0,ALA
ivh_any,0.7088425047438329,0.6916331292487546,ALA_quant_5,2.0,ALA
ivh_any,0.7230374938204148,0.6945344473310533,ALA_quant_5,3.0,ALA
ivh_any,0.745405179615706,0.7638065373750921,ALA_quant_5,4.0,ALA
nec_any,0.6409691629955947,0.7980853642824643,ALA_quant_5,0.0,ALA
nec_any,0.7058948939345486,0.8657233558360669,ALA_quant_5,1.0,ALA
nec_any,0.6859405753886407,0.8669826740638937,ALA_quant_5,2.0,ALA
nec_any,0.7284357821089454,0.9065408105470906,ALA_quant_5,3.0,ALA
nec_any,0.6867308523763826,0.8789386007891475,ALA_quant_5,4.0,ALA
rop_any,0.6485930291119383,0.530865734605445,ALA_quant_5,0.0,ALA
rop_any,0.6711634768955902,0.6160815065273458,ALA_quant_5,1.0,ALA
rop_any,0.7106408644851706,0.6437047448792919,ALA_quant_5,2.0,ALA
rop_any,0.7120909130004731,0.660715263434223,ALA_quant_5,3.0,ALA
rop_any,0.6887232265806893,0.6847670567310532,ALA_quant_5,4.0,ALA
bpd_any,0.7123530375650321,0.7154063474360627,C03DC_quant_5,0.0,C03DC
bpd_any,0.6840332675811739,0.7084838846522514,C03DC_quant_5,1.0,C03DC
bpd_any,0.7048500244715314,0.7283983476324444,C03DC_quant_5,2.0,C03DC
bpd_any,0.7243550885022586,0.738035670107633,C03DC_quant_5,3.0,C03DC
bpd_any,0.7354268274134838,0.6970927958781521,C03DC_quant_5,4.0,C03DC
ivh_any,0.6868641937105946,0.6727083133182334,C03DC_quant_5,0.0,C03DC
ivh_any,0.6837657293770389,0.6979571883667524,C03DC_quant_5,1.0,C03DC
ivh_any,0.7099839587111174,0.722485017323463,C03DC_quant_5,2.0,C03DC
ivh_any,0.7150843017056006,0.7015530633853653,C03DC_quant_5,3.0,C03DC
ivh_any,0.7508495473065507,0.7176876889946906,C03DC_quant_5,4.0,C03DC
nec_any,0.6611832524271846,0.8589880787232965,C03DC_quant_5,0.0,C03DC
nec_any,0.662755615152531,0.8722144212096865,C03DC_quant_5,1.0,C03DC
nec_any,0.7225736879942488,0.894304656579384,C03DC_quant_5,2.0,C03DC
nec_any,0.6891081862120314,0.8678538561780308,C03DC_quant_5,3.0,C03DC
nec_any,0.7277866729921525,0.8571123866155524,C03DC_quant_5,4.0,C03DC
rop_any,0.6699199954445805,0.5924654398761594,C03DC_quant_5,0.0,C03DC
rop_any,0.6751516665342068,0.6515560845485884,C03DC_quant_5,1.0,C03DC
rop_any,0.682202238643773,0.6600516829733303,C03DC_quant_5,2.0,C03DC
rop_any,0.6927869986065232,0.6472600737314642,C03DC_quant_5,3.0,C03DC
rop_any,0.7216047971582817,0.6296452191122022,C03DC_quant_5,4.0,C03DC
bpd_any,0.6817352654026001,0.7066249308593381,R3_2_quant_5,0.0,R3_2
bpd_any,0.7120007209805336,0.7583500639315552,R3_2_quant_5,1.0,R3_2
bpd_any,0.714730927417019,0.6887131211314137,R3_2_quant_5,2.0,R3_2
bpd_any,0.7287169578962714,0.7178719298396284,R3_2_quant_5,3.0,R3_2
bpd_any,0.732795794199303,0.7170649266895932,R3_2_quant_5,4.0,R3_2
ivh_any,0.6813989722757496,0.732642824943234,R3_2_quant_5,0.0,R3_2
ivh_any,0.7174442597581246,0.7451254808996512,R3_2_quant_5,1.0,R3_2
ivh_any,0.7303109311926083,0.7182767584015152,R3_2_quant_5,2.0,R3_2
ivh_any,0.7120059216610177,0.676081820883522,R3_2_quant_5,3.0,R3_2
ivh_any,0.7181923366698957,0.6532111113096831,R3_2_quant_5,4.0,R3_2
nec_any,0.6531640773020082,0.8715050714792497,R3_2_quant_5,0.0,R3_2
nec_any,0.6819819463140391,0.868800422252786,R3_2_quant_5,1.0,R3_2
nec_any,0.6702537744940571,0.8796288609106946,R3_2_quant_5,2.0,R3_2
nec_any,0.7082517311857479,0.8638964019622278,R3_2_quant_5,3.0,R3_2
nec_any,0.7308031384995151,0.8708495811949573,R3_2_quant_5,4.0,R3_2
rop_any,0.6565314926163982,0.6367596854271897,R3_2_quant_5,0.0,R3_2
rop_any,0.6750281907784831,0.6543777001535294,R3_2_quant_5,1.0,R3_2
rop_any,0.694044869832967,0.6432289527990253,R3_2_quant_5,2.0,R3_2
rop_any,0.7095855158206781,0.633172874111164,R3_2_quant_5,3.0,R3_2
rop_any,0.7063512145748987,0.6179996355268276,R3_2_quant_5,4.0,R3_2
bpd_any,0.7393403813138159,0.7432354867324688,VAL_quant_5,0.0,VAL
bpd_any,0.7180268158783784,0.7415941690817216,VAL_quant_5,1.0,VAL
bpd_any,0.7065525846702317,0.7207012614081665,VAL_quant_5,2.0,VAL
bpd_any,0.7149370486946861,0.7139634398298753,VAL_quant_5,3.0,VAL
bpd_any,0.6924517284335099,0.6633905622542,VAL_quant_5,4.0,VAL
ivh_any,0.732234870043635,0.7427771159112952,VAL_quant_5,0.0,VAL
ivh_any,0.7057583899689162,0.7198035135864606,VAL_quant_5,1.0,VAL
ivh_any,0.6977220077220078,0.6886246202318806,VAL_quant_5,2.0,VAL
ivh_any,0.7113459152932837,0.6805237492163816,VAL_quant_5,3.0,VAL
ivh_any,0.713879048582996,0.6697171716096992,VAL_quant_5,4.0,VAL
nec_any,0.6999375487900078,0.8596792390109025,VAL_quant_5,0.0,VAL
nec_any,0.6870648426203982,0.8834760153383052,VAL_quant_5,1.0,VAL
nec_any,0.7100590318772138,0.8858318218499348,VAL_quant_5,2.0,VAL
nec_any,0.6928457966764417,0.8762910186952682,VAL_quant_5,3.0,VAL
nec_any,0.6786409891673049,0.8339963648061517,VAL_quant_5,4.0,VAL
rop_any,0.7022746950019678,0.6498521106570858,VAL_quant_5,0.0,VAL
rop_any,0.6919188649727572,0.6739936364635851,VAL_quant_5,1.0,VAL
rop_any,0.686116427432217,0.6413924277909923,VAL_quant_5,2.0,VAL
rop_any,0.6757844301221168,0.6029575403034377,VAL_quant_5,3.0,VAL
rop_any,0.6910971145994529,0.5974576862260359,VAL_quant_5,4.0,VAL
bpd_any,0.7346556648682958,0.7599633927486954,C121_quant_5,0.0,C121
bpd_any,0.6889279004588993,0.6801160981738426,C121_quant_5,1.0,C121
bpd_any,0.717468430611598,0.7071258812827206,C121_quant_5,2.0,C121
bpd_any,0.6973983676032021,0.7147297563402037,C121_quant_5,3.0,C121
bpd_any,0.7457606317324955,0.7589167297886725,C121_quant_5,4.0,C121
ivh_any,0.6945892712316071,0.6877698970701609,C121_quant_5,0.0,C121
ivh_any,0.7187806524757647,0.7078175572290579,C121_quant_5,1.0,C121
ivh_any,0.7031996738971704,0.6698295067801792,C121_quant_5,2.0,C121
ivh_any,0.7035182451747911,0.7235170658309591,C121_quant_5,3.0,C121
ivh_any,0.7389878566649221,0.7325168198887075,C121_quant_5,4.0,C121
nec_any,0.7312956204379562,0.911420461910033,C121_quant_5,0.0,C121
nec_any,0.6661008317772874,0.8556813915339382,C121_quant_5,1.0,C121
nec_any,0.6971938500488615,0.8675361882800754,C121_quant_5,2.0,C121
nec_any,0.6891756304799782,0.8717791652307545,C121_quant_5,3.0,C121
nec_any,0.7115532582318937,0.8723208208604428,C121_quant_5,4.0,C121
rop_any,0.7005032416013057,0.6680911718405359,C121_quant_5,0.0,C121
rop_any,0.6822599249991828,0.6165748604094284,C121_quant_5,1.0,C121
rop_any,0.6850731470427551,0.6074412471066261,C121_quant_5,2.0,C121
rop_any,0.6778676046592089,0.6484927436258521,C121_quant_5,3.0,C121
rop_any,0.7196805546957221,0.6760341673617032,C121_quant_5,4.0,C121
bpd_any,0.7196364383711029,0.7430443535223623,R14_12_quant_5,0.0,R14_12
bpd_any,0.711164677073768,0.7289172377673812,R14_12_quant_5,1.0,R14_12
bpd_any,0.7310591232142561,0.723531443249307,R14_12_quant_5,2.0,R14_12
bpd_any,0.7259625471593749,0.7308105463757222,R14_12_quant_5,3.0,R14_12
bpd_any,0.6854470107867634,0.6692863915613799,R14_12_quant_5,4.0,R14_12
ivh_any,0.7023673852072776,0.7126767547840702,R14_12_quant_5,0.0,R14_12
ivh_any,0.7028638401956787,0.700773825785856,R14_12_quant_5,1.0,R14_12
ivh_any,0.7180564886727042,0.6953813828474344,R14_12_quant_5,2.0,R14_12
ivh_any,0.7314124267032853,0.7241231788535853,R14_12_quant_5,3.0,R14_12
ivh_any,0.7065448500484153,0.6796803191122684,R14_12_quant_5,4.0,R14_12
nec_any,0.6892077686504223,0.8681013719905026,R14_12_quant_5,0.0,R14_12
nec_any,0.6493960584869677,0.8713219030274264,R14_12_quant_5,1.0,R14_12
nec_any,0.7095495220145009,0.8716310667006992,R14_12_quant_5,2.0,R14_12
nec_any,0.7052174197131562,0.8554841722181956,R14_12_quant_5,3.0,R14_12
nec_any,0.7104458727101715,0.8831687477978111,R14_12_quant_5,4.0,R14_12
rop_any,0.6878028266871447,0.6515714545718199,R14_12_quant_5,0.0,R14_12
rop_any,0.687367469551979,0.6516914199454176,R14_12_quant_5,1.0,R14_12
rop_any,0.7064358242915117,0.6323969985598463,R14_12_quant_5,2.0,R14_12
rop_any,0.6855683269476373,0.6135930566206053,R14_12_quant_5,3.0,R14_12
rop_any,0.6835104692911385,0.6322179175662802,R14_12_quant_5,4.0,R14_12
bpd_any,0.6765027110098081,0.6583434606111821,C02_quant_5,0.0,C02
bpd_any,0.7350770330573336,0.7308753089394063,C02_quant_5,1.0,C02
bpd_any,0.7188275818691056,0.7312986963772627,C02_quant_5,2.0,C02
bpd_any,0.7322453384159373,0.7402129636551673,C02_quant_5,3.0,C02
bpd_any,0.6971881541516827,0.71832419896058,C02_quant_5,4.0,C02
ivh_any,0.6885875766652404,0.6240903534657296,C02_quant_5,0.0,C02
ivh_any,0.7152188552188552,0.6752471170560689,C02_quant_5,1.0,C02
ivh_any,0.7030682147107066,0.6942581742766684,C02_quant_5,2.0,C02
ivh_any,0.7245805851887921,0.7358721549832321,C02_quant_5,3.0,C02
ivh_any,0.6920362614034081,0.7507139969634112,C02_quant_5,4.0,C02
nec_any,0.6763291169913734,0.8313888893410399,C02_quant_5,0.0,C02
nec_any,0.6959857654472097,0.8628297926736319,C02_quant_5,1.0,C02
nec_any,0.6889189684034316,0.8880842483275002,C02_quant_5,2.0,C02
nec_any,0.6978672629373014,0.8718164949486278,C02_quant_5,3.0,C02
nec_any,0.694933909322971,0.8780451883356349,C02_quant_5,4.0,C02
rop_any,0.662999582890945,0.5688384396595523,C02_quant_5,0.0,C02
rop_any,0.7101110020388128,0.6496508481486212,C02_quant_5,1.0,C02
rop_any,0.6790070600481863,0.6376378090046442,C02_quant_5,2.0,C02
rop_any,0.7028753425145012,0.6544506394113987,C02_quant_5,3.0,C02
rop_any,0.6856638052926026,0.6483389081881296,C02_quant_5,4.0,C02
bpd_any,0.7077586056568896,0.683989330675223,C182_quant_5,0.0,C182
bpd_any,0.7232529561247967,0.7147632055160584,C182_quant_5,1.0,C182
bpd_any,0.6964787089101161,0.6945441118720843,C182_quant_5,2.0,C182
bpd_any,0.7156153272956551,0.7313779094432881,C182_quant_5,3.0,C182
bpd_any,0.6728296768105686,0.7326367165189185,C182_quant_5,4.0,C182
ivh_any,0.7033656723469932,0.6414144259157202,C182_quant_5,0.0,C182
ivh_any,0.7302930343076179,0.7257349108578457,C182_quant_5,1.0,C182
ivh_any,0.6885052420570217,0.6625691573467218,C182_quant_5,2.0,C182
ivh_any,0.7042302561170486,0.7186547420733613,C182_quant_5,3.0,C182
ivh_any,0.662909435202429,0.7176000251620305,C182_quant_5,4.0,C182
nec_any,0.6859425062299751,0.856828296240805,C182_quant_5,0.0,C182
nec_any,0.7259585200580199,0.8780452572793112,C182_quant_5,1.0,C182
nec_any,0.6981083356721863,0.8680129942376635,C182_quant_5,2.0,C182
nec_any,0.7019751082251082,0.8817604402281651,C182_quant_5,3.0,C182
nec_any,0.6187056844129312,0.8465068736163346,C182_quant_5,4.0,C182
rop_any,0.6918280246669118,0.6209611404734968,C182_quant_5,0.0,C182
rop_any,0.70582043423724,0.6536688660515054,C182_quant_5,1.0,C182
rop_any,0.6817743710177726,0.6193192988660223,C182_quant_5,2.0,C182
rop_any,0.6881382112205976,0.6278357174309792,C182_quant_5,3.0,C182
rop_any,0.6500195982361587,0.6334779666910784,C182_quant_5,4.0,C182
bpd_any,0.6829096966473664,0.6753230384720093,OXP_quant_5,0.0,OXP
bpd_any,0.693553991418498,0.6921397421261104,OXP_quant_5,1.0,OXP
bpd_any,0.7257206965513878,0.6951834921806705,OXP_quant_5,2.0,OXP
bpd_any,0.7214869111227945,0.7149961025548418,OXP_quant_5,3.0,OXP
bpd_any,0.7479927664689454,0.7887881781878742,OXP_quant_5,4.0,OXP
ivh_any,0.6875816666249468,0.6531018992758915,OXP_quant_5,0.0,OXP
ivh_any,0.6756127212604551,0.6668478309675022,OXP_quant_5,1.0,OXP
ivh_any,0.6998807828327279,0.6797349047525564,OXP_quant_5,2.0,OXP
ivh_any,0.7287749664594395,0.7059631415916013,OXP_quant_5,3.0,OXP
ivh_any,0.76048021145971,0.7723066110052977,OXP_quant_5,4.0,OXP
nec_any,0.6633060547259485,0.821940288814252,OXP_quant_5,0.0,OXP
nec_any,0.6399883406971036,0.8557287854798082,OXP_quant_5,1.0,OXP
nec_any,0.7141041333207796,0.8585710549066987,OXP_quant_5,2.0,OXP
nec_any,0.7207695327836671,0.8842924960200245,OXP_quant_5,3.0,OXP
nec_any,0.7241848583890148,0.9026219078146276,OXP_quant_5,4.0,OXP
rop_any,0.6524406117800196,0.5864097737509726,OXP_quant_5,0.0,OXP
rop_any,0.67306490760099,0.6135210111994758,OXP_quant_5,1.0,OXP
rop_any,0.6898237238969183,0.6034789920639256,OXP_quant_5,2.0,OXP
rop_any,0.7032700485117088,0.6427402443607766,OXP_quant_5,3.0,OXP
rop_any,0.7268397473742702,0.7050706453821362,OXP_quant_5,4.0,OXP
bpd_any,0.7472303263702493,0.7881306382549819,RA_O_quant_5,0.0,RA_O
bpd_any,0.7286164372881823,0.7464189471487953,RA_O_quant_5,1.0,RA_O
bpd_any,0.6999541319470989,0.6774778663153687,RA_O_quant_5,2.0,RA_O
bpd_any,0.7144820971867007,0.6910111556048668,RA_O_quant_5,3.0,RA_O
bpd_any,0.6857726015002789,0.6717269590963236,RA_O_quant_5,4.0,RA_O
ivh_any,0.7288119492279086,0.7658494482047944,RA_O_quant_5,0.0,RA_O
ivh_any,0.7136290473139005,0.7491788554174663,RA_O_quant_5,1.0,RA_O
ivh_any,0.7020564092672368,0.6684139460018746,RA_O_quant_5,2.0,RA_O
ivh_any,0.7046702099851878,0.6521300780255251,RA_O_quant_5,3.0,RA_O
ivh_any,0.7065250969838469,0.6548109022156872,RA_O_quant_5,4.0,RA_O
nec_any,0.7090865093768906,0.9006260110543863,RA_O_quant_5,0.0,RA_O
nec_any,0.7175739957716701,0.8852420294846437,RA_O_quant_5,1.0,RA_O
nec_any,0.6928222352979635,0.8564784377479148,RA_O_quant_5,2.0,RA_O
nec_any,0.6982269503546099,0.8755428914274376,RA_O_quant_5,3.0,RA_O
nec_any,0.6512096190062291,0.8153800117057415,RA_O_quant_5,4.0,RA_O
rop_any,0.7204178384893531,0.7056928833702035,RA_O_quant_5,0.0,RA_O
rop_any,0.7112084839391666,0.6850708490400826,RA_O_quant_5,1.0,RA_O
rop_any,0.6785400587911508,0.592811288119462,RA_O_quant_5,2.0,RA_O
rop_any,0.6724966032608696,0.5775659946173273,RA_O_quant_5,3.0,RA_O
rop_any,0.669288146158377,0.5925807954865334,RA_O_quant_5,4.0,RA_O
bpd_any,0.6692277286427194,0.6121079767008994,C16_quant_5,0.0,C16
bpd_any,0.7017134591848089,0.6383504965921635,C16_quant_5,1.0,C16
bpd_any,0.6975506010850171,0.6575673693708073,C16_quant_5,2.0,C16
bpd_any,0.6984400083239193,0.7267266080405235,C16_quant_5,3.0,C16
bpd_any,0.7013863329652803,0.8139049939669346,C16_quant_5,4.0,C16
ivh_any,0.6916424232375151,0.5890790507363427,C16_quant_5,0.0,C16
ivh_any,0.7123925170277684,0.6416207984781808,C16_quant_5,1.0,C16
ivh_any,0.6885773874284251,0.640911349747671,C16_quant_5,2.0,C16
ivh_any,0.6599631741690881,0.6853002769268458,C16_quant_5,3.0,C16
ivh_any,0.6763751539420219,0.805139145506145,C16_quant_5,4.0,C16
nec_any,0.661482433056037,0.8110183107268601,C16_quant_5,0.0,C16
nec_any,0.6848448430289906,0.8150028315135271,C16_quant_5,1.0,C16
nec_any,0.6689909903690152,0.8339406765369526,C16_quant_5,2.0,C16
nec_any,0.6588879975156565,0.8797864022323892,C16_quant_5,3.0,C16
nec_any,0.6808113400911184,0.9158074344334204,C16_quant_5,4.0,C16
rop_any,0.6526416954988383,0.5276026300250455,C16_quant_5,0.0,C16
rop_any,0.683761733635756,0.5499773864115554,C16_quant_5,1.0,C16
rop_any,0.6751584226381269,0.5823867063028556,C16_quant_5,2.0,C16
rop_any,0.6695633061360152,0.6400300026124183,C16_quant_5,3.0,C16
rop_any,0.6788338367285736,0.7392380988613646,C16_quant_5,4.0,C16
bpd_any,0.7494545427187096,0.8144138067763045,RF_C_quant_5,0.0,RF_C
bpd_any,0.7126752974745023,0.7505427160088919,RF_C_quant_5,1.0,RF_C
bpd_any,0.6966552514354868,0.660018093299577,RF_C_quant_5,2.0,RF_C
bpd_any,0.6844417889177945,0.6325784160329004,RF_C_quant_5,3.0,RF_C
bpd_any,0.6786838454972258,0.6342652285349032,RF_C_quant_5,4.0,RF_C
ivh_any,0.7211228321115681,0.790468748181126,RF_C_quant_5,0.0,RF_C
ivh_any,0.709515555616095,0.7187613862902212,RF_C_quant_5,1.0,RF_C
ivh_any,0.7009940685002206,0.6517320732302182,RF_C_quant_5,2.0,RF_C
ivh_any,0.6953041199776764,0.6401003166174062,RF_C_quant_5,3.0,RF_C
ivh_any,0.6897686379232951,0.6257664680701304,RF_C_quant_5,4.0,RF_C
nec_any,0.7122896157510321,0.9179386213880237,RF_C_quant_5,0.0,RF_C
nec_any,0.687649590352573,0.8893425991153842,RF_C_quant_5,1.0,RF_C
nec_any,0.6624334240738549,0.8394330384778825,RF_C_quant_5,2.0,RF_C
nec_any,0.692080451136249,0.8176469669135138,RF_C_quant_5,3.0,RF_C
nec_any,0.6644228371977063,0.8192693639133818,RF_C_quant_5,4.0,RF_C
rop_any,0.7154612309010424,0.736628710493459,RF_C_quant_5,0.0,RF_C
rop_any,0.6874958993088969,0.6621095532652128,RF_C_quant_5,1.0,RF_C
rop_any,0.6782584847818354,0.5753896103471079,RF_C_quant_5,2.0,RF_C
rop_any,0.6678022191940821,0.5592291856576646,RF_C_quant_5,3.0,RF_C
rop_any,0.6582301626944485,0.5547016806337015,RF_C_quant_5,4.0,RF_C
bpd_any,0.7225553450219462,0.7322336741308851,FC_quant_5,0.0,FC
bpd_any,0.7329249538462669,0.7415069468859147,FC_quant_5,1.0,FC
bpd_any,0.7136746684810729,0.7253603182615863,FC_quant_5,2.0,FC
bpd_any,0.7124432250314527,0.6945408419655388,FC_quant_5,3.0,FC
bpd_any,0.6940133771881415,0.7010090794520265,FC_quant_5,4.0,FC
ivh_any,0.7348646181928811,0.7108428696426369,FC_quant_5,0.0,FC
ivh_any,0.7124533766140183,0.6895783885677753,FC_quant_5,1.0,FC
ivh_any,0.7237210828668982,0.7380781720535389,FC_quant_5,2.0,FC
ivh_any,0.7037029825579357,0.6882478502062463,FC_quant_5,3.0,FC
ivh_any,0.6803328049481716,0.680602711592639,FC_quant_5,4.0,FC
nec_any,0.7006590471185847,0.8696662374050099,FC_quant_5,0.0,FC
nec_any,0.7036537065573144,0.8890086384530493,FC_quant_5,1.0,FC
nec_any,0.6947117927022739,0.8830862121056615,FC_quant_5,2.0,FC
nec_any,0.7176165803108808,0.8601826408953048,FC_quant_5,3.0,FC
nec_any,0.6505121610035648,0.8383901147122033,FC_quant_5,4.0,FC
rop_any,0.7039457150037698,0.6529924460917955,FC_quant_5,0.0,FC
rop_any,0.6974076147051997,0.6568710371485701,FC_quant_5,1.0,FC
rop_any,0.6950043512006961,0.6412563895853097,FC_quant_5,2.0,FC
rop_any,0.6921713991375568,0.6173442824144718,FC_quant_5,3.0,FC
rop_any,0.6652642107380289,0.6087357082402506,FC_quant_5,4.0,FC
bpd_any,0.678697505960022,0.6617782377157457,ORN_quant_5,0.0,ORN
bpd_any,0.7410637381567615,0.7371338876040807,ORN_quant_5,1.0,ORN
bpd_any,0.7356824917935261,0.752338921342721,ORN_quant_5,2.0,ORN
bpd_any,0.7028756248162304,0.7148435969788782,ORN_quant_5,3.0,ORN
bpd_any,0.6812301120579556,0.7016372846631129,ORN_quant_5,4.0,ORN
ivh_any,0.7040198321891684,0.6642173999411722,ORN_quant_5,0.0,ORN
ivh_any,0.7416999094664178,0.7371617721654118,ORN_quant_5,1.0,ORN
ivh_any,0.7112386408055817,0.7121181799045175,ORN_quant_5,2.0,ORN
ivh_any,0.687249850529146,0.6710038451015141,ORN_quant_5,3.0,ORN
ivh_any,0.682493475205782,0.7030927562341917,ORN_quant_5,4.0,ORN
nec_any,0.6696961475854586,0.8328451480462205,ORN_quant_5,0.0,ORN
nec_any,0.715940825268429,0.8814661780865486,ORN_quant_5,1.0,ORN
nec_any,0.6727186145290538,0.8690764863019086,ORN_quant_5,2.0,ORN
nec_any,0.739090725782538,0.8995622564905368,ORN_quant_5,3.0,ORN
nec_any,0.6409996021692247,0.848634760427097,ORN_quant_5,4.0,ORN
rop_any,0.6585916846911799,0.5815215965282468,ORN_quant_5,0.0,ORN
rop_any,0.7096663978133262,0.6653432419686,ORN_quant_5,1.0,ORN
rop_any,0.7097238167887955,0.6692728783374474,ORN_quant_5,2.0,ORN
rop_any,0.6848931664848874,0.6175896819544443,ORN_quant_5,3.0,ORN
rop_any,0.6648951730862994,0.6196600255774662,ORN_quant_5,4.0,ORN
bpd_any,0.6910676812853721,0.7479118818710905,C051_quant_5,0.0,C051
bpd_any,0.7250521648408972,0.7538055454377421,C051_quant_5,1.0,C051
bpd_any,0.7640270497761793,0.770603737219079,C051_quant_5,2.0,C051
bpd_any,0.7086370029408005,0.6808197148100995,C051_quant_5,3.0,C051
bpd_any,0.6905647837421661,0.6639571375802089,C051_quant_5,4.0,C051
ivh_any,0.6672868540128601,0.6966080614037161,C051_quant_5,0.0,C051
ivh_any,0.721546270788695,0.7523130022285479,C051_quant_5,1.0,C051
ivh_any,0.7530842207889605,0.7391847506295706,C051_quant_5,2.0,C051
ivh_any,0.7154931054609127,0.6837960121363815,C051_quant_5,3.0,C051
ivh_any,0.699665078856968,0.6620479153218449,C051_quant_5,4.0,C051
nec_any,0.6601214574898785,0.8788543450739004,C051_quant_5,0.0,C051
nec_any,0.6956865401987353,0.8780360330684198,C051_quant_5,1.0,C051
nec_any,0.7603735091023226,0.909235742975431,C051_quant_5,2.0,C051
nec_any,0.6939887608559914,0.8576661892371988,C051_quant_5,3.0,C051
nec_any,0.6660285158233202,0.829491017393833,C051_quant_5,4.0,C051
rop_any,0.6533643575302149,0.65144398796474,C051_quant_5,0.0,C051
rop_any,0.6937353108031444,0.6844359397488602,C051_quant_5,1.0,C051
rop_any,0.7300460397653193,0.664952511172332,C051_quant_5,2.0,C051
rop_any,0.7001320311845083,0.6279583837366203,C051_quant_5,3.0,C051
rop_any,0.6693178983257566,0.5686366014081681,C051_quant_5,4.0,C051
bpd_any,0.7294238186549187,0.8197083896314858,C04_quant_5,0.0,C04
bpd_any,0.7087558155446086,0.7305639284089731,C04_quant_5,1.0,C04
bpd_any,0.6947500268643885,0.7134314144088765,C04_quant_5,2.0,C04
bpd_any,0.7170526504765636,0.651124015700581,C04_quant_5,3.0,C04
bpd_any,0.6433873890654529,0.5261657942207869,C04_quant_5,4.0,C04
ivh_any,0.6994802805964193,0.8023942221080178,C04_quant_5,0.0,C04
ivh_any,0.695747359585927,0.7229947064404214,C04_quant_5,1.0,C04
ivh_any,0.6839190373734958,0.6685645098990144,C04_quant_5,2.0,C04
ivh_any,0.7012985958931904,0.6205934091782723,C04_quant_5,3.0,C04
ivh_any,0.6898311695548003,0.5549456103164752,C04_quant_5,4.0,C04
nec_any,0.7034141766682099,0.9171833298878765,C04_quant_5,0.0,C04
nec_any,0.6761847146602138,0.8620150530835906,C04_quant_5,1.0,C04
nec_any,0.6893617021276596,0.8771947494537067,C04_quant_5,2.0,C04
nec_any,0.6675702648756541,0.8234527615790332,C04_quant_5,3.0,C04
nec_any,0.6542028187118395,0.7793317810283615,C04_quant_5,4.0,C04
rop_any,0.7112335128192462,0.7722474118878245,C04_quant_5,0.0,C04
rop_any,0.6736404871692061,0.6240882535821959,C04_quant_5,1.0,C04
rop_any,0.6678594907960794,0.6210477950594153,C04_quant_5,2.0,C04
rop_any,0.6735866301083692,0.517738133454051,C04_quant_5,3.0,C04
rop_any,0.6475568985079879,0.4789053867907591,C04_quant_5,4.0,C04
bpd_any,0.6632840861122836,0.7068330436324952,RC_A_quant_5,0.0,RC_A
bpd_any,0.701001371484397,0.6971971476971177,RC_A_quant_5,1.0,RC_A
bpd_any,0.7062587181557888,0.6941420419354751,RC_A_quant_5,2.0,RC_A
bpd_any,0.7008608520905911,0.7113433939179654,RC_A_quant_5,3.0,RC_A
bpd_any,0.7669835357325837,0.7620059269179542,RC_A_quant_5,4.0,RC_A
ivh_any,0.6767510362465826,0.6817378182322944,RC_A_quant_5,0.0,RC_A
ivh_any,0.6926129834032659,0.6736127180469959,RC_A_quant_5,1.0,RC_A
ivh_any,0.6938727220828388,0.6683773609321493,RC_A_quant_5,2.0,RC_A
ivh_any,0.7133334762966775,0.7174335563138893,RC_A_quant_5,3.0,RC_A
ivh_any,0.7695657131454797,0.7509826991721678,RC_A_quant_5,4.0,RC_A
nec_any,0.6436454849498328,0.8560022265367878,RC_A_quant_5,0.0,RC_A
nec_any,0.6726311350799516,0.8473828969405538,RC_A_quant_5,1.0,RC_A
nec_any,0.6840579167913798,0.8604046049364776,RC_A_quant_5,2.0,RC_A
nec_any,0.6930102516309413,0.8671949424239673,RC_A_quant_5,3.0,RC_A
nec_any,0.7544200969349444,0.8992726912393456,RC_A_quant_5,4.0,RC_A
rop_any,0.647846650998825,0.6306653879275448,RC_A_quant_5,0.0,RC_A
rop_any,0.6738815341804925,0.598506940799916,RC_A_quant_5,1.0,RC_A
rop_any,0.673845993425277,0.592894441828639,RC_A_quant_5,2.0,RC_A
rop_any,0.6973362277194735,0.6490707097178299,RC_A_quant_5,3.0,RC_A
rop_any,0.7315175097276265,0.6813181878326324,RC_A_quant_5,4.0,RC_A
bpd_any,0.697427960211757,0.7111988492526629,C06_quant_5,0.0,C06
bpd_any,0.7485969508768602,0.7418007674931495,C06_quant_5,1.0,C06
bpd_any,0.6973249299719888,0.6833553157675254,C06_quant_5,2.0,C06
bpd_any,0.7245055914406852,0.751497179290248,C06_quant_5,3.0,C06
bpd_any,0.7041246613127639,0.7045305457767339,C06_quant_5,4.0,C06
ivh_any,0.6921865346293412,0.6831125919872775,C06_quant_5,0.0,C06
ivh_any,0.7386784743733491,0.7268752889433143,C06_quant_5,1.0,C06
ivh_any,0.6790571341188122,0.6707568385401159,C06_quant_5,2.0,C06
ivh_any,0.7312604045517777,0.7266598710826369,C06_quant_5,3.0,C06
ivh_any,0.7137104770773516,0.6964345195833025,C06_quant_5,4.0,C06
nec_any,0.6520496757885481,0.8415171278222053,C06_quant_5,0.0,C06
nec_any,0.7389292569234986,0.8948953194356899,C06_quant_5,1.0,C06
nec_any,0.6696025437201908,0.8529186119824131,C06_quant_5,2.0,C06
nec_any,0.7150002551931813,0.8862613704875761,C06_quant_5,3.0,C06
nec_any,0.6840802178757119,0.8599575178448957,C06_quant_5,4.0,C06
rop_any,0.6701371759283121,0.6317773619982052,C06_quant_5,0.0,C06
rop_any,0.7214745562987335,0.6602661703928581,C06_quant_5,1.0,C06
rop_any,0.6689580863020055,0.5968551662370435,C06_quant_5,2.0,C06
rop_any,0.699276630258017,0.6560670208629498,C06_quant_5,3.0,C06
rop_any,0.6875277487925753,0.6335889504633496,C06_quant_5,4.0,C06
bpd_any,0.7434955752212389,0.7991620235689172,RL_A_quant_5,0.0,RL_A
bpd_any,0.7395921051576323,0.7459767770382791,RL_A_quant_5,1.0,RL_A
bpd_any,0.7204133812512293,0.711400661971251,RL_A_quant_5,2.0,RL_A
bpd_any,0.6873507462686567,0.6790459689750701,RL_A_quant_5,3.0,RL_A
bpd_any,0.6614485788256033,0.5860975059858712,RL_A_quant_5,4.0,RL_A
ivh_any,0.7473170324626555,0.7773556722339195,RL_A_quant_5,0.0,RL_A
ivh_any,0.7348240442021731,0.7152676779257909,RL_A_quant_5,1.0,RL_A
ivh_any,0.7237119040695661,0.6969630812196163,RL_A_quant_5,2.0,RL_A
ivh_any,0.6683434243874964,0.6308429687102033,RL_A_quant_5,3.0,RL_A
ivh_any,0.6721562027751065,0.6298913969675273,RL_A_quant_5,4.0,RL_A
nec_any,0.7317363611188036,0.9112536222666338,RL_A_quant_5,0.0,RL_A
nec_any,0.6894007490636705,0.8679064577320106,RL_A_quant_5,1.0,RL_A
nec_any,0.7069421090559693,0.8744155349352507,RL_A_quant_5,2.0,RL_A
nec_any,0.6625859466711387,0.8352097029001022,RL_A_quant_5,3.0,RL_A
nec_any,0.65595408254422,0.8161413387181871,RL_A_quant_5,4.0,RL_A
rop_any,0.7198570177998249,0.7410326084629069,RL_A_quant_5,0.0,RL_A
rop_any,0.706935673473851,0.6354189178136884,RL_A_quant_5,1.0,RL_A
rop_any,0.6964113143753208,0.6202743903470654,RL_A_quant_5,2.0,RL_A
rop_any,0.659148314372195,0.5854057473052856,RL_A_quant_5,3.0,RL_A
rop_any,0.656187116985274,0.5290688921388798,RL_A_quant_5,4.0,RL_A
bpd_any,0.7254292284108329,0.7673672237722449,C05OH_quant_5,0.0,C05OH
bpd_any,0.7171078647529907,0.7166700350430373,C05OH_quant_5,1.0,C05OH
bpd_any,0.7107355191700863,0.7172751705699154,C05OH_quant_5,2.0,C05OH
bpd_any,0.7064237881334914,0.7078123551527125,C05OH_quant_5,3.0,C05OH
bpd_any,0.7149017974432091,0.6891619294900575,C05OH_quant_5,4.0,C05OH
ivh_any,0.7242297524633501,0.7319946714505725,C05OH_quant_5,0.0,C05OH
ivh_any,0.7092811011986206,0.6975125973789249,C05OH_quant_5,1.0,C05OH
ivh_any,0.707997688272428,0.7027377333211561,C05OH_quant_5,2.0,C05OH
ivh_any,0.7083803027924831,0.69988868400954,C05OH_quant_5,3.0,C05OH
ivh_any,0.7112265247922879,0.6811359305346164,C05OH_quant_5,4.0,C05OH
nec_any,0.7251681836169371,0.8994017256063189,C05OH_quant_5,0.0,C05OH
nec_any,0.7111404958677685,0.8872187030581231,C05OH_quant_5,1.0,C05OH
nec_any,0.6632395458712362,0.8597590989330606,C05OH_quant_5,2.0,C05OH
nec_any,0.6949974213512119,0.862757760574383,C05OH_quant_5,3.0,C05OH
nec_any,0.6750105268816241,0.8317620554616225,C05OH_quant_5,4.0,C05OH
rop_any,0.7046769618657422,0.707722364874778,C05OH_quant_5,0.0,C05OH
rop_any,0.7062037136417302,0.66270955435465,C05OH_quant_5,1.0,C05OH
rop_any,0.693211696279181,0.6382746465697633,C05OH_quant_5,2.0,C05OH
rop_any,0.679606653846347,0.6130365743729473,C05OH_quant_5,3.0,C05OH
rop_any,0.6695214570204296,0.559349956978823,C05OH_quant_5,4.0,C05OH
bpd_any,0.7273740710156894,0.7406304393487326,C08_quant_5,0.0,C08
bpd_any,0.7430312235704299,0.7689293503130658,C08_quant_5,1.0,C08
bpd_any,0.7058842327894761,0.7036909305299535,C08_quant_5,2.0,C08
bpd_any,0.7134062005254092,0.7174245152579528,C08_quant_5,3.0,C08
bpd_any,0.6839929110194849,0.6552949229207122,C08_quant_5,4.0,C08
ivh_any,0.7077430020081434,0.6925953258645778,C08_quant_5,0.0,C08
ivh_any,0.7240555198088059,0.745799177802637,C08_quant_5,1.0,C08
ivh_any,0.7134651181381114,0.7016186196934623,C08_quant_5,2.0,C08
ivh_any,0.7128219149545608,0.724522314445167,C08_quant_5,3.0,C08
ivh_any,0.7006446078902053,0.6433336558960115,C08_quant_5,4.0,C08
nec_any,0.6975526037080988,0.8854612963163369,C08_quant_5,0.0,C08
nec_any,0.7068132055620325,0.8864922045647483,C08_quant_5,1.0,C08
nec_any,0.6943176182903265,0.8685626769279304,C08_quant_5,2.0,C08
nec_any,0.6946090637450199,0.8699465827794379,C08_quant_5,3.0,C08
nec_any,0.6827297392945617,0.8283202059845143,C08_quant_5,4.0,C08
rop_any,0.6815798421589505,0.6387619626893157,C08_quant_5,0.0,C08
rop_any,0.7127864639109016,0.6800742100352473,C08_quant_5,1.0,C08
rop_any,0.691741285682353,0.6426204688072232,C08_quant_5,2.0,C08
rop_any,0.6964187976528391,0.6546179676554166,C08_quant_5,3.0,C08
rop_any,0.6681345797718297,0.5525090827401725,C08_quant_5,4.0,C08
bpd_any,0.6858987169750989,0.6292910530419196,MET_quant_5,0.0,MET
bpd_any,0.7199401839698207,0.7307350428302577,MET_quant_5,1.0,MET
bpd_any,0.6923730054164836,0.7404145008911687,MET_quant_5,2.0,MET
bpd_any,0.714803423694061,0.7751004461015603,MET_quant_5,3.0,MET
bpd_any,0.709660192084069,0.6550179908779645,MET_quant_5,4.0,MET
ivh_any,0.6968941382327208,0.634736413080984,MET_quant_5,0.0,MET
ivh_any,0.7199846753970466,0.7541775723407385,MET_quant_5,1.0,MET
ivh_any,0.6638194624305734,0.697285255237416,MET_quant_5,2.0,MET
ivh_any,0.7145481932202885,0.7339885109613795,MET_quant_5,3.0,MET
ivh_any,0.7259532845396223,0.642675568432262,MET_quant_5,4.0,MET
nec_any,0.7146932720366475,0.8598939900701137,MET_quant_5,0.0,MET
nec_any,0.6662085814628189,0.865599151120527,MET_quant_5,1.0,MET
nec_any,0.6720882066276803,0.8832877716931753,MET_quant_5,2.0,MET
nec_any,0.6716955599444079,0.8810365911772395,MET_quant_5,3.0,MET
nec_any,0.7154441530666802,0.836283570207236,MET_quant_5,4.0,MET
rop_any,0.6684542914540373,0.5472628466198304,MET_quant_5,0.0,MET
rop_any,0.7034325425969448,0.6728079664976199,MET_quant_5,1.0,MET
rop_any,0.6558832276497891,0.6497850489364982,MET_quant_5,2.0,MET
rop_any,0.6789898948151516,0.66722344333389,MET_quant_5,3.0,MET
rop_any,0.7062525045081146,0.5842476234481098,MET_quant_5,4.0,MET
bpd_any,0.6953040437401127,0.6988259898408357,C14OH_quant_5,0.0,C14OH
bpd_any,0.7345828811943046,0.7235171723641696,C14OH_quant_5,1.0,C14OH
bpd_any,0.7187788296797433,0.7303637677054456,C14OH_quant_5,2.0,C14OH
bpd_any,0.7099788746791451,0.7150150892140188,C14OH_quant_5,3.0,C14OH
ivh_any,0.6970589905989946,0.7058047702099198,C14OH_quant_5,0.0,C14OH
ivh_any,0.736059539465202,0.7079158373154804,C14OH_quant_5,1.0,C14OH
ivh_any,0.7072218850016554,0.7041607819786073,C14OH_quant_5,2.0,C14OH
ivh_any,0.7101812688821753,0.6923161398893041,C14OH_quant_5,3.0,C14OH
nec_any,0.6466499303826844,0.8480147171541743,C14OH_quant_5,0.0,C14OH
nec_any,0.729255061513126,0.879127237408639,C14OH_quant_5,1.0,C14OH
nec_any,0.696078431372549,0.8798336460345577,C14OH_quant_5,2.0,C14OH
nec_any,0.7005744245593595,0.8644266612160254,C14OH_quant_5,3.0,C14OH
rop_any,0.6785284131615288,0.6305895327895465,C14OH_quant_5,0.0,C14OH
rop_any,0.7126180187681543,0.6307062233962402,C14OH_quant_5,1.0,C14OH
rop_any,0.6883611818124686,0.6441886331659248,C14OH_quant_5,2.0,C14OH
rop_any,0.6852427720892673,0.63150699743415,C14OH_quant_5,3.0,C14OH
bpd_any,0.7366955920749501,0.753391839099562,C141_quant_5,0.0,C141
bpd_any,0.7154618473895582,0.7040119403318638,C141_quant_5,1.0,C141
bpd_any,0.7106947497571698,0.7055114057948535,C141_quant_5,2.0,C141
bpd_any,0.6941442789792712,0.7367591728588552,C141_quant_5,3.0,C141
bpd_any,0.7223312827245111,0.7077218946918066,C141_quant_5,4.0,C141
ivh_any,0.7092509709197689,0.6881351538060416,C141_quant_5,0.0,C141
ivh_any,0.712550624438683,0.6904728208754353,C141_quant_5,1.0,C141
ivh_any,0.6922020794454812,0.6784912809587943,C141_quant_5,2.0,C141
ivh_any,0.7199341074318597,0.7296933109806332,C141_quant_5,3.0,C141
ivh_any,0.7299350766161345,0.7198900646122672,C141_quant_5,4.0,C141
nec_any,0.6645992366412213,0.8605658200259465,C141_quant_5,0.0,C141
nec_any,0.6843492390615091,0.8693626432103919,C141_quant_5,1.0,C141
nec_any,0.7009057071960298,0.8693681897731514,C141_quant_5,2.0,C141
nec_any,0.7025881302989737,0.8801415914037651,C141_quant_5,3.0,C141
nec_any,0.7103867963671568,0.8648724499446991,C141_quant_5,4.0,C141
rop_any,0.6940931842986716,0.6392184514631174,C141_quant_5,0.0,C141
rop_any,0.6815948397476304,0.6003490137201022,C141_quant_5,1.0,C141
rop_any,0.6906527070364081,0.6189654195005254,C141_quant_5,2.0,C141
rop_any,0.6897648248342505,0.6749717460522962,C141_quant_5,3.0,C141
rop_any,0.6975761541975872,0.642457578662663,C141_quant_5,4.0,C141
bpd_any,0.7172441593193593,0.7221527384493729,XLE_quant_5,0.0,XLE
bpd_any,0.7486209010113393,0.774099912949862,XLE_quant_5,1.0,XLE
bpd_any,0.6973719337319989,0.7110268322434748,XLE_quant_5,2.0,XLE
bpd_any,0.7072592547277301,0.6785320799706703,XLE_quant_5,3.0,XLE
bpd_any,0.6944927125075357,0.6916179706562461,XLE_quant_5,4.0,XLE
ivh_any,0.7336013921963729,0.7493518512233073,XLE_quant_5,0.0,XLE
ivh_any,0.7221027999238117,0.7266873716248197,XLE_quant_5,1.0,XLE
ivh_any,0.6672830446407811,0.6469363965431509,XLE_quant_5,2.0,XLE
ivh_any,0.7179365245783782,0.673443642381627,XLE_quant_5,3.0,XLE
ivh_any,0.7134840623245793,0.6967885776004452,XLE_quant_5,4.0,XLE
nec_any,0.71868404390038,0.8756793686372618,XLE_quant_5,0.0,XLE
nec_any,0.7029291463253728,0.8932579721672869,XLE_quant_5,1.0,XLE
nec_any,0.6408242492801317,0.8673255856356561,XLE_quant_5,2.0,XLE
nec_any,0.6895151633901553,0.8373445382953003,XLE_quant_5,3.0,XLE
nec_any,0.6981355547999547,0.8574745382062632,XLE_quant_5,4.0,XLE
rop_any,0.6975227360745716,0.6636014670191008,XLE_quant_5,0.0,XLE
rop_any,0.7107368498771214,0.6897294465202031,XLE_quant_5,1.0,XLE
rop_any,0.669822667568511,0.6082070795664694,XLE_quant_5,2.0,XLE
rop_any,0.6962180181010063,0.6123363225712191,XLE_quant_5,3.0,XLE
rop_any,0.6699677586931962,0.5821452350110972,XLE_quant_5,4.0,XLE
bpd_any,0.7075675474368285,0.6590478035268534,GLY_quant_5,0.0,GLY
bpd_any,0.689181656681315,0.6841235643598272,GLY_quant_5,1.0,GLY
bpd_any,0.7091972700682484,0.7040083945633868,GLY_quant_5,2.0,GLY
bpd_any,0.7392832167832168,0.7622731383689944,GLY_quant_5,3.0,GLY
bpd_any,0.7094822166337345,0.7602795495264519,GLY_quant_5,4.0,GLY
ivh_any,0.697926743902535,0.635421320559811,GLY_quant_5,0.0,GLY
ivh_any,0.7040269708437715,0.6964059912452358,GLY_quant_5,1.0,GLY
ivh_any,0.6940191501362527,0.6768671100244636,GLY_quant_5,2.0,GLY
ivh_any,0.723459546347562,0.723127520565916,GLY_quant_5,3.0,GLY
ivh_any,0.7278229000158407,0.7527036485655598,GLY_quant_5,4.0,GLY
nec_any,0.6848477313630765,0.8265119299279582,GLY_quant_5,0.0,GLY
nec_any,0.6761832705412472,0.8433874179360213,GLY_quant_5,1.0,GLY
nec_any,0.7036354955323648,0.8809178528195222,GLY_quant_5,2.0,GLY
nec_any,0.6980128205128204,0.8844953454257188,GLY_quant_5,3.0,GLY
nec_any,0.6890738861728622,0.8926735841271438,GLY_quant_5,4.0,GLY
rop_any,0.681407130753536,0.569342113383955,GLY_quant_5,0.0,GLY
rop_any,0.6683488260161093,0.6136203434527776,GLY_quant_5,1.0,GLY
rop_any,0.6886876898072654,0.6327856148543325,GLY_quant_5,2.0,GLY
rop_any,0.7125748817656332,0.6590269691939212,GLY_quant_5,3.0,GLY
rop_any,0.6897210923579618,0.6815649622616412,GLY_quant_5,4.0,GLY
