,train_loss,test_loss,valid_loss,epoch,fold,iter
0,0.6804061,0.6750272,0.67538667,0,0,0
0,0.6555831,0.66983724,0.66989654,1,0,0
0,0.63512474,0.6635571,0.6634084,2,0,0
0,0.6169243,0.65626746,0.6559175,3,0,0
0,0.5991735,0.64747727,0.64716166,4,0,0
0,0.585423,0.6366155,0.6362659,5,0,0
0,0.57251334,0.62569994,0.62550837,6,0,0
0,0.5658395,0.61482733,0.6145863,7,0,0
0,0.5605618,0.60311836,0.60331464,8,0,0
0,0.5558593,0.59099513,0.5907852,9,0,0
0,0.5498035,0.5809803,0.5804387,10,0,0
0,0.5478094,0.57248104,0.5712083,11,0,0
0,0.54372305,0.5634266,0.56211936,12,0,0
0,0.5385792,0.55634147,0.55623305,13,0,0
0,0.5396413,0.55169344,0.55181086,14,0,0
0,0.54033166,0.5461061,0.54446507,15,0,0
0,0.54306346,0.5447775,0.5423436,16,0,0
0,0.5311932,0.5417064,0.5419682,17,0,0
0,0.5334361,0.54021096,0.53977627,18,0,0
0,0.5287679,0.5382719,0.5385007,19,0,0
0,0.52373004,0.5376568,0.5403776,20,0,0
0,0.5302806,0.5356754,0.5377895,21,0,0
0,0.5248152,0.5387842,0.54188997,22,0,0
0,0.51929474,0.53831786,0.54419005,23,0,0
0,0.5236561,0.5392695,0.5448622,24,0,0
0,0.51457363,0.5438209,0.5465871,25,0,0
0,0.5156479,0.5526178,0.56294173,26,0,0
0,0.67909557,0.6748393,0.67523235,0,1,0
0,0.6571804,0.66987765,0.6699141,1,1,0
0,0.6340656,0.6633879,0.66323805,2,1,0
0,0.61851853,0.65522057,0.65498203,3,1,0
0,0.5948275,0.6457936,0.645457,4,1,0
0,0.5824997,0.6336622,0.6332412,5,1,0
0,0.5686212,0.62132716,0.62117165,6,1,0
0,0.56398904,0.60810685,0.6079368,7,1,0
0,0.5517208,0.59599787,0.59616286,8,1,0
0,0.5474086,0.58592623,0.5865167,9,1,0
0,0.5472922,0.57631713,0.5771507,10,1,0
0,0.5452543,0.56780946,0.56849426,11,1,0
0,0.5396166,0.5613576,0.5617,12,1,0
0,0.53676474,0.55571383,0.5562112,13,1,0
0,0.5316194,0.55059344,0.5511681,14,1,0
0,0.53430146,0.5460137,0.5473798,15,1,0
0,0.5331166,0.54321593,0.5447132,16,1,0
0,0.53977114,0.54131806,0.5428121,17,1,0
0,0.5276888,0.5389496,0.539534,18,1,0
0,0.52617866,0.53832483,0.53757924,19,1,0
0,0.52781624,0.5372488,0.536645,20,1,0
0,0.53137845,0.5356168,0.5349329,21,1,0
0,0.51758355,0.5351487,0.53467983,22,1,0
0,0.5193354,0.53389186,0.53411716,23,1,0
0,0.52221507,0.53939396,0.53598374,24,1,0
0,0.51864266,0.5400173,0.53720725,25,1,0
0,0.5243463,0.54114515,0.53791827,26,1,0
0,0.52304393,0.53943294,0.5379649,27,1,0
0,0.51365334,0.5405809,0.5384917,28,1,0
0,0.6826598,0.675166,0.6756241,0,2,0
0,0.66025436,0.6692434,0.66944546,1,2,0
0,0.6359691,0.6630365,0.6630417,2,2,0
0,0.6150978,0.65536976,0.65522426,3,2,0
0,0.5969185,0.6468259,0.64667934,4,2,0
0,0.5840239,0.6368163,0.63665223,5,2,0
0,0.5718395,0.6257126,0.62544125,6,2,0
0,0.5614705,0.61337876,0.6131489,7,2,0
0,0.5595073,0.60212487,0.6013614,8,2,0
0,0.5548858,0.59100145,0.5900115,9,2,0
0,0.5514817,0.58015454,0.578295,10,2,0
0,0.54780275,0.5714276,0.56900835,11,2,0
0,0.54863644,0.5643346,0.5629884,12,2,0
0,0.5504532,0.55905503,0.5583164,13,2,0
0,0.54673773,0.55543923,0.55443376,14,2,0
0,0.5411108,0.55300725,0.5528131,15,2,0
0,0.53754944,0.5513511,0.5511492,16,2,0
0,0.5355766,0.55269444,0.5516889,17,2,0
0,0.5327241,0.54984266,0.5494479,18,2,0
0,0.5365725,0.54714453,0.5471208,19,2,0
0,0.529617,0.55152506,0.5538108,20,2,0
0,0.5221984,0.54837877,0.5500397,21,2,0
0,0.5238039,0.5461295,0.5492474,22,2,0
0,0.52324706,0.5529991,0.5546035,23,2,0
0,0.517733,0.5598707,0.5566618,24,2,0
0,0.51765996,0.54774356,0.5524332,25,2,0
0,0.5179891,0.5499284,0.55281234,26,2,0
0,0.51493996,0.55242735,0.55401224,27,2,0
0,0.6811874,0.6763088,0.6767208,0,3,0
0,0.65768003,0.6700038,0.6701207,1,3,0
0,0.63537455,0.6626051,0.66251874,2,3,0
0,0.61446905,0.65394515,0.6537091,3,3,0
0,0.5982216,0.64512324,0.644677,4,3,0
0,0.5805298,0.63449824,0.63403064,5,3,0
0,0.5747642,0.6214927,0.6217896,6,3,0
0,0.5614198,0.6091011,0.60919684,7,3,0
0,0.5561519,0.59779197,0.5982695,8,3,0
0,0.5488846,0.5857541,0.58706117,9,3,0
0,0.5459853,0.5741984,0.5765563,10,3,0
0,0.5431211,0.56542015,0.56810397,11,3,0
0,0.54131466,0.55974376,0.56022227,12,3,0
0,0.53676194,0.5557594,0.55568326,13,3,0
0,0.5344834,0.5536715,0.5537657,14,3,0
0,0.5334478,0.55112123,0.55182225,15,3,0
0,0.5330737,0.54886097,0.5501011,16,3,0
0,0.5306103,0.552173,0.5532429,17,3,0
0,0.51909,0.5531209,0.55218965,18,3,0
0,0.52633864,0.5536469,0.5504338,19,3,0
0,0.5202221,0.5573789,0.553052,20,3,0
0,0.5148335,0.56368756,0.5556287,21,3,0
0,0.6782543,0.6762194,0.67665595,0,4,0
0,0.6603682,0.67049587,0.6706691,1,4,0
0,0.63413364,0.663326,0.6633053,2,4,0
0,0.61693764,0.6547961,0.6547154,3,4,0
0,0.5980952,0.6454466,0.645537,4,4,0
0,0.5850654,0.63466084,0.6347798,5,4,0
0,0.5737208,0.6224334,0.6222968,6,4,0
0,0.56281376,0.60750294,0.6074542,7,4,0
0,0.557755,0.5938277,0.5943336,8,4,0
0,0.54643655,0.5835511,0.5835376,9,4,0
0,0.5523401,0.5754569,0.574249,10,4,0
0,0.5434244,0.56879467,0.56790817,11,4,0
0,0.54222924,0.5623832,0.5618105,12,4,0
0,0.53339624,0.5586953,0.5575424,13,4,0
0,0.53230196,0.5574479,0.5544262,14,4,0
0,0.5279472,0.5495657,0.550523,15,4,0
0,0.5273002,0.5479018,0.55068254,16,4,0
0,0.5295684,0.5465764,0.5487527,17,4,0
0,0.51567775,0.5479653,0.54989624,18,4,0
0,0.508876,0.54782075,0.551593,19,4,0
0,0.5169643,0.54784125,0.55154675,20,4,0
0,0.51679593,0.5576255,0.5624235,21,4,0
0,0.5056233,0.5571459,0.5592756,22,4,0
0,0.679473,0.67488104,0.67525417,0,0,1
0,0.6566562,0.66927654,0.669412,1,0,1
0,0.63360184,0.66268146,0.6626884,2,0,1
0,0.6154637,0.65436715,0.6542849,3,0,1
0,0.59439105,0.6447409,0.6446874,4,0,1
0,0.5797188,0.6331618,0.6329831,5,0,1
0,0.5676071,0.62144136,0.621087,6,0,1
0,0.5602665,0.61074764,0.6101875,7,0,1
0,0.5490133,0.5995026,0.5989317,8,0,1
0,0.553594,0.5885145,0.5871236,9,0,1
0,0.5451518,0.57922554,0.57741946,10,0,1
0,0.54177856,0.5717852,0.5701264,11,0,1
0,0.5390644,0.56412727,0.5625289,12,0,1
0,0.53395766,0.5573117,0.5559833,13,0,1
0,0.53831726,0.5521733,0.550375,14,0,1
0,0.5317851,0.54949343,0.5477665,15,0,1
0,0.5307985,0.5485099,0.5466621,16,0,1
0,0.53829354,0.55092525,0.55009633,17,0,1
0,0.53319997,0.55186296,0.5477766,18,0,1
0,0.5335458,0.548026,0.5425136,19,0,1
0,0.52748555,0.54887754,0.5424946,20,0,1
0,0.5347861,0.5492984,0.543395,21,0,1
0,0.5270932,0.55122924,0.5465121,22,0,1
0,0.52159166,0.5535027,0.5483308,23,0,1
0,0.52707464,0.5548368,0.5488335,24,0,1
0,0.680942,0.6761024,0.67646843,0,1,1
0,0.6577731,0.67038065,0.6704377,1,1,1
0,0.6370264,0.6636288,0.6635083,2,1,1
0,0.61782736,0.6553417,0.65503556,3,1,1
0,0.5986073,0.64621365,0.6458522,4,1,1
0,0.5798661,0.6356009,0.6354519,5,1,1
0,0.5744993,0.6245526,0.62438744,6,1,1
0,0.56400895,0.6125685,0.61222595,7,1,1
0,0.56028676,0.59957945,0.5989511,8,1,1
0,0.5536035,0.5845722,0.58381164,9,1,1
0,0.5500876,0.5745716,0.5731826,10,1,1
0,0.5462992,0.5676629,0.5674726,11,1,1
0,0.5459762,0.5611601,0.5619385,12,1,1
0,0.54810387,0.5543342,0.5554706,13,1,1
0,0.54359794,0.5497536,0.5512325,14,1,1
0,0.53470224,0.54595095,0.549514,15,1,1
0,0.53472644,0.54287744,0.5479646,16,1,1
0,0.52631027,0.54265404,0.54856217,17,1,1
0,0.5292394,0.5416092,0.54746735,18,1,1
0,0.5240155,0.54002726,0.5467341,19,1,1
0,0.5291501,0.5399388,0.5450842,20,1,1
0,0.5204952,0.541899,0.545688,21,1,1
0,0.51179534,0.5473957,0.5485458,22,1,1
0,0.52136374,0.545085,0.54782206,23,1,1
0,0.50937784,0.54561687,0.5492063,24,1,1
0,0.50529766,0.5469385,0.55291235,25,1,1
0,0.68048334,0.6761372,0.67653686,0,2,1
0,0.6541777,0.67005664,0.6701649,1,2,1
0,0.6353328,0.6623516,0.6623185,2,2,1
0,0.6144603,0.6543147,0.6542542,3,2,1
0,0.59666795,0.6454563,0.64542484,4,2,1
0,0.5842145,0.6351174,0.6349071,5,2,1
0,0.5647774,0.62368023,0.6231966,6,2,1
0,0.56059736,0.60991687,0.60896057,7,2,1
0,0.5516688,0.5961681,0.5948643,8,2,1
0,0.5473731,0.5893486,0.587248,9,2,1
0,0.5433455,0.5773261,0.5756476,10,2,1
0,0.533423,0.56397176,0.5613843,11,2,1
0,0.5380578,0.5569002,0.55218047,12,2,1
0,0.5320827,0.5516916,0.545807,13,2,1
0,0.531971,0.5469546,0.54403543,14,2,1
0,0.52890754,0.5464574,0.5469708,15,2,1
0,0.51546526,0.54304546,0.5435169,16,2,1
0,0.5118652,0.5410321,0.5408625,17,2,1
0,0.51486665,0.5448598,0.54211074,18,2,1
0,0.51491076,0.54230416,0.5420178,19,2,1
0,0.50832725,0.54276806,0.54345196,20,2,1
0,0.5109894,0.5533421,0.550503,21,2,1
0,0.49949452,0.55281174,0.5467413,22,2,1
0,0.67988104,0.67591804,0.6763733,0,3,1
0,0.65761644,0.6699395,0.6700977,1,3,1
0,0.63480264,0.6626767,0.662637,2,3,1
0,0.6131355,0.65400606,0.6538671,3,3,1
0,0.5983558,0.64446163,0.6444723,4,3,1
0,0.58579725,0.6340497,0.6342336,5,3,1
0,0.57555455,0.6238139,0.6240159,6,3,1
0,0.56578475,0.6121701,0.6122151,7,3,1
0,0.55862457,0.600817,0.6009701,8,3,1
0,0.55265373,0.5906643,0.5912558,9,3,1
0,0.55096656,0.58126837,0.5822557,10,3,1
0,0.54699546,0.57079506,0.57229036,11,3,1
0,0.5455174,0.5620591,0.5644286,12,3,1
0,0.5423692,0.5567372,0.5572922,13,3,1
0,0.54001015,0.5532373,0.5515745,14,3,1
0,0.5314525,0.55266815,0.5504206,15,3,1
0,0.52822036,0.54922515,0.5503883,16,3,1
0,0.53153807,0.54622114,0.548357,17,3,1
0,0.520709,0.54818,0.5476748,18,3,1
0,0.5215376,0.54442316,0.54525894,19,3,1
0,0.52703875,0.54427695,0.54254454,20,3,1
0,0.5272463,0.54222345,0.5485964,21,3,1
0,0.5204553,0.5423143,0.5481816,22,3,1
0,0.52359635,0.55633706,0.5574617,23,3,1
0,0.52000517,0.55102485,0.5532607,24,3,1
0,0.50935125,0.5450709,0.5523842,25,3,1
0,0.5100175,0.5571132,0.55952084,26,3,1
0,0.6783946,0.6762417,0.67662054,0,4,1
0,0.65533954,0.6703619,0.6704452,1,4,1
0,0.63337064,0.66285455,0.6627486,2,4,1
0,0.61293674,0.6543156,0.65396196,3,4,1
0,0.5995803,0.6454218,0.6449235,4,4,1
0,0.58405405,0.6352118,0.6349194,5,4,1
0,0.5710462,0.62363994,0.6235111,6,4,1
0,0.5626881,0.61134094,0.6115728,7,4,1
0,0.55548376,0.59951895,0.60021865,8,4,1
0,0.5417406,0.5883687,0.58880955,9,4,1
0,0.53561324,0.57610655,0.57680696,10,4,1
0,0.5391064,0.5654354,0.5670618,11,4,1
0,0.54256713,0.55784667,0.5603761,12,4,1
0,0.54054826,0.55219585,0.5554149,13,4,1
0,0.53409195,0.5478739,0.55081964,14,4,1
0,0.52871674,0.54298496,0.5472488,15,4,1
0,0.5251345,0.5389178,0.5435732,16,4,1
0,0.52706623,0.5365409,0.5394894,17,4,1
0,0.5267046,0.53279525,0.53646576,18,4,1
0,0.52996826,0.53382796,0.53621995,19,4,1
0,0.52315694,0.53758353,0.53998613,20,4,1
0,0.5239728,0.5356465,0.5381649,21,4,1
0,0.5255597,0.53205633,0.5361138,22,4,1
0,0.5184853,0.5316186,0.5384162,23,4,1
0,0.5154064,0.5364126,0.5399976,24,4,1
0,0.51840615,0.53375953,0.53941,25,4,1
0,0.5132912,0.5335339,0.5416819,26,4,1
0,0.5099258,0.5484553,0.55453074,27,4,1
0,0.5050918,0.5361228,0.55011636,28,4,1
0,0.6764801,0.6765313,0.67693174,0,0,2
0,0.65434253,0.669328,0.6696004,1,0,2
0,0.62989956,0.6618198,0.66200006,2,0,2
0,0.6080998,0.653563,0.6536354,3,0,2
0,0.59434247,0.6426287,0.6426663,4,0,2
0,0.5736653,0.62938404,0.62920535,5,0,2
0,0.56537074,0.6133534,0.6134366,6,0,2
0,0.5545309,0.6006104,0.601114,7,0,2
0,0.5511839,0.5896825,0.59047985,8,0,2
0,0.545708,0.5800282,0.58108574,9,0,2
0,0.5389821,0.5711426,0.5720245,10,0,2
0,0.5346161,0.56408465,0.5643103,11,0,2
0,0.5318095,0.55913347,0.5594228,12,0,2
0,0.52722377,0.5556368,0.55637616,13,0,2
0,0.5230304,0.5513112,0.55347574,14,0,2
0,0.5199757,0.5485143,0.551676,15,0,2
0,0.52123535,0.54798746,0.54967344,16,0,2
0,0.51449746,0.5450349,0.5480169,17,0,2
0,0.5197466,0.54600817,0.54655975,18,0,2
0,0.5020099,0.55208707,0.5499833,19,0,2
0,0.50643975,0.55143017,0.55461377,20,0,2
0,0.50327754,0.5547803,0.5553965,21,0,2
0,0.49998555,0.5563785,0.5547567,22,0,2
0,0.67871165,0.67468697,0.6751064,0,1,2
0,0.6569161,0.66890454,0.66910106,1,1,2
0,0.6338412,0.66204864,0.6620418,2,1,2
0,0.6159647,0.6546016,0.6543049,3,1,2
0,0.5937392,0.645988,0.6456572,4,1,2
0,0.58354765,0.63575053,0.63543373,5,1,2
0,0.57071406,0.62443465,0.6244128,6,1,2
0,0.5609748,0.61261183,0.612475,7,1,2
0,0.5602326,0.5984814,0.5993331,8,1,2
0,0.5543389,0.587107,0.5879103,9,1,2
0,0.54543847,0.5784235,0.5783229,10,1,2
0,0.54875296,0.57035714,0.569885,11,1,2
0,0.54576486,0.5632684,0.5619228,12,1,2
0,0.5463739,0.55798435,0.5575778,13,1,2
0,0.544462,0.5554162,0.5548579,14,1,2
0,0.54404205,0.55319256,0.5531216,15,1,2
0,0.5472708,0.55267173,0.5512088,16,1,2
0,0.53692347,0.5494301,0.55032736,17,1,2
0,0.53755194,0.54864025,0.5498751,18,1,2
0,0.54067117,0.5520239,0.5495346,19,1,2
0,0.53838116,0.55035764,0.548908,20,1,2
0,0.5313886,0.55035293,0.5491538,21,1,2
0,0.53242904,0.5533962,0.54943633,22,1,2
0,0.53159803,0.55270517,0.55159616,23,1,2
0,0.67968374,0.6759372,0.67629623,0,2,2
0,0.656954,0.67013294,0.67017436,1,2,2
0,0.63400453,0.663004,0.6628118,2,2,2
0,0.61180043,0.6546278,0.6542169,3,2,2
0,0.59505016,0.64569694,0.64516294,4,2,2
0,0.5844011,0.63561845,0.6352765,5,2,2
0,0.5671541,0.6237688,0.6240892,6,2,2
0,0.5618992,0.61192566,0.6127363,7,2,2
0,0.55260986,0.5992067,0.6010496,8,2,2
0,0.5501226,0.5871962,0.5895912,9,2,2
0,0.54084504,0.5795894,0.5822917,10,2,2
0,0.5403212,0.5676913,0.5712631,11,2,2
0,0.5336477,0.5582283,0.5630363,12,2,2
0,0.5317371,0.5490736,0.5556885,13,2,2
0,0.525076,0.5453598,0.55517596,14,2,2
0,0.5225808,0.544328,0.55305225,15,2,2
0,0.52294093,0.5437083,0.5534998,16,2,2
0,0.5159869,0.54435116,0.55734,17,2,2
0,0.50956804,0.546862,0.5602155,18,2,2
0,0.5114329,0.547193,0.5564597,19,2,2
0,0.50244963,0.5417661,0.5544146,20,2,2
0,0.49803504,0.5472516,0.55850106,21,2,2
0,0.49751163,0.5537827,0.569759,22,2,2
0,0.48881987,0.5562986,0.57626194,23,2,2
0,0.4916655,0.5810884,0.5987687,24,2,2
0,0.4836488,0.5703693,0.5779537,25,2,2
0,0.6797984,0.67590076,0.6764077,0,3,2
0,0.6569945,0.66964555,0.6699288,1,3,2
0,0.63117915,0.66253567,0.66255224,2,3,2
0,0.6121411,0.6547043,0.6544556,3,3,2
0,0.5967781,0.64584804,0.64580864,4,3,2
0,0.5827893,0.63503385,0.6349501,5,3,2
0,0.56756926,0.62221336,0.6221419,6,3,2
0,0.56293577,0.6092773,0.6093083,7,3,2
0,0.5571051,0.5978011,0.59783137,8,3,2
0,0.55203587,0.58279747,0.5830786,9,3,2
0,0.5444567,0.57120264,0.57084507,10,3,2
0,0.54447156,0.56530446,0.5651827,11,3,2
0,0.540018,0.5594217,0.55857456,12,3,2
0,0.53544354,0.5512328,0.55141544,13,3,2
0,0.5298727,0.5479076,0.5456809,14,3,2
0,0.5225625,0.54627043,0.546913,15,3,2
0,0.5218446,0.54722565,0.54892516,16,3,2
0,0.5225014,0.5544196,0.55314064,17,3,2
0,0.5238445,0.5556232,0.5513411,18,3,2
0,0.51681775,0.55344874,0.55179566,19,3,2
0,0.5079709,0.5567411,0.5543586,20,3,2
0,0.67871356,0.6760517,0.6764078,0,4,2
0,0.65118074,0.6697325,0.6698098,1,4,2
0,0.63504726,0.66257435,0.66233194,2,4,2
0,0.6136556,0.6549551,0.65442985,3,4,2
0,0.5936354,0.6456082,0.64527965,4,4,2
0,0.5841181,0.6345752,0.63436913,5,4,2
0,0.57475597,0.6239576,0.6239679,6,4,2
0,0.5624977,0.6123495,0.6129466,7,4,2
0,0.56011176,0.59951407,0.59977573,8,4,2
0,0.5493985,0.58535355,0.58543503,9,4,2
0,0.5523272,0.57781446,0.5779064,10,4,2
0,0.54766506,0.5695305,0.56964016,11,4,2
0,0.5401444,0.56251097,0.5626983,12,4,2
0,0.53542584,0.5572788,0.55701375,13,4,2
0,0.5354819,0.5528871,0.5527237,14,4,2
0,0.53472215,0.55004007,0.54968786,15,4,2
0,0.5307193,0.54929495,0.54964465,16,4,2
0,0.52793884,0.5493625,0.5478947,17,4,2
0,0.5192291,0.55159605,0.5467084,18,4,2
0,0.52400434,0.54881275,0.54394585,19,4,2
0,0.52443343,0.5463502,0.5435858,20,4,2
0,0.5180295,0.54920644,0.5470285,21,4,2
0,0.51866287,0.5517145,0.5525235,22,4,2
0,0.52278537,0.5545141,0.5528419,23,4,2
0,0.50955313,0.54821783,0.5488767,24,4,2
0,0.5114817,0.54570836,0.5496847,25,4,2
0,0.5120757,0.55307096,0.5515528,26,4,2
0,0.50279063,0.5546364,0.54988515,27,4,2
0,0.49950257,0.55807066,0.55179846,28,4,2
0,0.50374895,0.56727123,0.5638267,29,4,2
0,0.50084656,0.582868,0.583424,30,4,2
0,0.6775911,0.6752767,0.67564744,0,0,3
0,0.6543221,0.66981816,0.66993904,1,0,3
0,0.63281506,0.66283333,0.6628405,2,0,3
0,0.6157827,0.65441203,0.6543525,3,0,3
0,0.5979281,0.6451005,0.64490604,4,0,3
0,0.58446234,0.63411206,0.63356316,5,0,3
0,0.5719076,0.62358,0.62298447,6,0,3
0,0.56068254,0.6099507,0.61019796,7,0,3
0,0.55743676,0.59581536,0.5959405,8,0,3
0,0.55112934,0.5856045,0.5855342,9,0,3
0,0.55342245,0.5764005,0.57667816,10,0,3
0,0.54694676,0.5686845,0.5686383,11,0,3
0,0.5422685,0.56166553,0.5609815,12,0,3
0,0.5393022,0.556135,0.55624706,13,0,3
0,0.53935117,0.55199057,0.5521553,14,0,3
0,0.53726035,0.5492326,0.5486762,15,0,3
0,0.53903717,0.54831606,0.5473865,16,0,3
0,0.53888416,0.54918504,0.5461926,17,0,3
0,0.5389147,0.5458793,0.5437061,18,0,3
0,0.536321,0.5461902,0.5437373,19,0,3
0,0.5325168,0.5493017,0.5453661,20,0,3
0,0.53238577,0.5474397,0.54399467,21,0,3
0,0.52977973,0.5478539,0.54223454,22,0,3
0,0.5252955,0.5493689,0.54319906,23,0,3
0,0.67809445,0.6763004,0.6766862,0,1,3
0,0.65247375,0.66951716,0.6697243,1,1,3
0,0.63280565,0.66262376,0.662765,2,1,3
0,0.6117185,0.65409064,0.6542612,3,1,3
0,0.5925672,0.64450336,0.6445609,4,1,3
0,0.57855564,0.6332298,0.63275105,5,1,3
0,0.56927824,0.62060523,0.62021357,6,1,3
0,0.5577813,0.60788095,0.60714126,7,1,3
0,0.55333954,0.5932381,0.5916161,8,1,3
0,0.54866827,0.57971805,0.57808036,9,1,3
0,0.5463276,0.57226664,0.57182866,10,1,3
0,0.5338917,0.5680979,0.5684185,11,1,3
0,0.5373611,0.5589568,0.5592139,12,1,3
0,0.52792007,0.5552081,0.555438,13,1,3
0,0.5192542,0.5521182,0.5546022,14,1,3
0,0.52021307,0.55117035,0.55300885,15,1,3
0,0.5156052,0.55053,0.55299544,16,1,3
0,0.51168025,0.55367315,0.55896664,17,1,3
0,0.5056751,0.55386055,0.5560654,18,1,3
0,0.50519925,0.56311625,0.5658301,19,1,3
0,0.5038164,0.55344635,0.5589137,20,1,3
0,0.5028808,0.55808836,0.56353474,21,1,3
0,0.6782418,0.6758541,0.6762849,0,2,3
0,0.6597399,0.6703091,0.67045367,1,2,3
0,0.63625884,0.6635109,0.6634796,2,2,3
0,0.61498165,0.65479976,0.6547538,3,2,3
0,0.59938306,0.6455368,0.64581186,4,2,3
0,0.5860684,0.63525426,0.6356451,5,2,3
0,0.5687985,0.62423944,0.6246076,6,2,3
0,0.5615668,0.6121545,0.6124144,7,2,3
0,0.55551386,0.59981686,0.59995896,8,2,3
0,0.55260545,0.588295,0.5895665,9,2,3
0,0.55275184,0.5794492,0.5802786,10,2,3
0,0.54787713,0.56890714,0.5692363,11,2,3
0,0.5394146,0.5592975,0.5589842,12,2,3
0,0.541603,0.55441886,0.55360293,13,2,3
0,0.53746456,0.5512112,0.55139524,14,2,3
0,0.5413992,0.54697084,0.5474995,15,2,3
0,0.5354364,0.54844743,0.54819304,16,2,3
0,0.53209287,0.5473098,0.5469337,17,2,3
0,0.52978545,0.55024403,0.54768753,18,2,3
0,0.528451,0.5483455,0.5440844,19,2,3
0,0.52963036,0.5527988,0.5486093,20,2,3
0,0.6802595,0.67491776,0.6753304,0,3,3
0,0.6569073,0.66968,0.66977954,1,3,3
0,0.63295794,0.6631401,0.6630754,2,3,3
0,0.6137194,0.6551141,0.65488166,3,3,3
0,0.59466505,0.64598525,0.6457356,4,3,3
0,0.5841237,0.6343619,0.6340415,5,3,3
0,0.5729091,0.6240147,0.6238087,6,3,3
0,0.5628452,0.6129016,0.6128266,7,3,3
0,0.5605771,0.59713954,0.5974458,8,3,3
0,0.55298966,0.58306813,0.58265084,9,3,3
0,0.5517349,0.5739425,0.5732377,10,3,3
0,0.5476128,0.5671714,0.56650764,11,3,3
0,0.5481741,0.56137073,0.56195426,12,3,3
0,0.5411765,0.55738795,0.5565292,13,3,3
0,0.53720826,0.5538225,0.55201876,14,3,3
0,0.53683907,0.54941016,0.5486631,15,3,3
0,0.53365,0.5458797,0.546676,16,3,3
0,0.53274363,0.5433663,0.5434133,17,3,3
0,0.5283267,0.5436172,0.53834075,18,3,3
0,0.5327041,0.5426418,0.538741,19,3,3
0,0.5258439,0.54259413,0.54196215,20,3,3
0,0.52525276,0.5456443,0.54180765,21,3,3
0,0.52062565,0.54668754,0.54142,22,3,3
0,0.5187355,0.5476904,0.5486648,23,3,3
0,0.51814574,0.55832565,0.5529918,24,3,3
0,0.51502824,0.55083776,0.54532886,25,3,3
0,0.67843693,0.67577314,0.6761808,0,4,3
0,0.6540796,0.6690515,0.66922665,1,4,3
0,0.63043064,0.66164035,0.6616212,2,4,3
0,0.60684276,0.6540485,0.6537538,3,4,3
0,0.591518,0.6452979,0.64490175,4,4,3
0,0.58037287,0.6331126,0.6328549,5,4,3
0,0.5703004,0.62072766,0.62072855,6,4,3
0,0.56391835,0.6077556,0.60746783,7,4,3
0,0.5582356,0.5949582,0.59428835,8,4,3
0,0.55056334,0.58389723,0.583045,9,4,3
0,0.5496322,0.5765426,0.5757039,10,4,3
0,0.55436945,0.5697318,0.5690353,11,4,3
0,0.54453343,0.56198806,0.5609062,12,4,3
0,0.5455887,0.55531853,0.5545982,13,4,3
0,0.5408848,0.55216426,0.5498606,14,4,3
0,0.5357662,0.5486113,0.5457164,15,4,3
0,0.53449786,0.5451869,0.5433454,16,4,3
0,0.53439546,0.5425256,0.54269576,17,4,3
0,0.5303581,0.540919,0.5429514,18,4,3
0,0.53040475,0.5469024,0.5442087,19,4,3
0,0.5266068,0.54521525,0.5410468,20,4,3
0,0.52700543,0.54278743,0.5416817,21,4,3
0,0.5209145,0.5443769,0.54194206,22,4,3
0,0.5227622,0.54591715,0.54329574,23,4,3
0,0.6775256,0.67620206,0.67656153,0,0,4
0,0.65205765,0.66935754,0.6695299,1,0,4
0,0.62853175,0.66198736,0.66212124,2,0,4
0,0.61013347,0.65398824,0.6541129,3,0,4
0,0.5934165,0.6438714,0.64421666,4,0,4
0,0.5794758,0.63177055,0.6322313,5,0,4
0,0.565726,0.61907434,0.6195662,6,0,4
0,0.5605437,0.60570323,0.6057463,7,0,4
0,0.55202556,0.59373504,0.5936667,8,0,4
0,0.5445005,0.58165896,0.5816768,9,0,4
0,0.5471236,0.5714119,0.57211316,10,0,4
0,0.54214174,0.56408983,0.565853,11,0,4
0,0.53693,0.5575734,0.5598575,12,0,4
0,0.53527516,0.5544249,0.5566261,13,0,4
0,0.5368609,0.55118054,0.55248815,14,0,4
0,0.5275911,0.5484565,0.55070364,15,0,4
0,0.53177357,0.5494467,0.549367,16,0,4
0,0.5266895,0.5456704,0.5479025,17,0,4
0,0.5253947,0.5475861,0.5509709,18,0,4
0,0.5162311,0.5481067,0.54897094,19,0,4
0,0.5198575,0.550509,0.54997647,20,0,4
0,0.51643634,0.54856884,0.55233985,21,0,4
0,0.51417685,0.5510524,0.5546772,22,0,4
0,0.6813231,0.6751752,0.67552227,0,1,4
0,0.65748954,0.66972256,0.66981417,1,1,4
0,0.6328952,0.66298175,0.662928,2,1,4
0,0.6111962,0.65481174,0.6546754,3,1,4
0,0.59677005,0.64528525,0.64502996,4,1,4
0,0.58074695,0.6339573,0.6332675,5,1,4
0,0.5780002,0.62305754,0.6221205,6,1,4
0,0.56558615,0.6099531,0.6086822,7,1,4
0,0.55876666,0.5957444,0.59326917,8,1,4
0,0.5511973,0.5854088,0.582845,9,1,4
0,0.548607,0.57743764,0.5764792,10,1,4
0,0.54486495,0.5686304,0.56772333,11,1,4
0,0.549467,0.5601173,0.5592153,12,1,4
0,0.5367212,0.55315846,0.55348384,13,1,4
0,0.53582567,0.54944646,0.5511509,14,1,4
0,0.5347555,0.5457837,0.54798293,15,1,4
0,0.53559864,0.5419253,0.54433507,16,1,4
0,0.53093356,0.5433764,0.5445592,17,1,4
0,0.52934724,0.54322535,0.54341424,18,1,4
0,0.53250796,0.542372,0.5433648,19,1,4
0,0.5226881,0.5436397,0.54804915,20,1,4
0,0.5183795,0.54661894,0.54887503,21,1,4
0,0.6789036,0.6760191,0.6764629,0,2,4
0,0.65820724,0.6704553,0.6706417,1,2,4
0,0.6362752,0.6633381,0.6635236,2,2,4
0,0.61069065,0.654471,0.654916,3,2,4
0,0.5961513,0.64349794,0.6439601,4,2,4
0,0.5784827,0.630522,0.6310975,5,2,4
0,0.57135636,0.61759907,0.61789,6,2,4
0,0.5610031,0.6037234,0.6038685,7,2,4
0,0.55466,0.59278166,0.59338766,8,2,4
0,0.543871,0.5837032,0.58444977,9,2,4
0,0.5467991,0.57454544,0.57532054,10,2,4
0,0.5480158,0.56717885,0.5680805,11,2,4
0,0.5406373,0.5620191,0.5633069,12,2,4
0,0.5365536,0.55778193,0.5590402,13,2,4
0,0.5425555,0.55429816,0.55517983,14,2,4
0,0.53566605,0.54965967,0.5498088,15,2,4
0,0.5336923,0.5463145,0.5462024,16,2,4
0,0.5355926,0.5441203,0.5431944,17,2,4
0,0.526999,0.5446901,0.54327166,18,2,4
0,0.5208759,0.53983086,0.53979963,19,2,4
0,0.5281903,0.537926,0.5387863,20,2,4
0,0.521784,0.5416067,0.5427457,21,2,4
0,0.52553016,0.54584247,0.5467559,22,2,4
0,0.52221394,0.54365385,0.54483426,23,2,4
0,0.51541305,0.5442031,0.5458854,24,2,4
0,0.51259637,0.5411846,0.54523474,25,2,4
0,0.68192816,0.6751785,0.67565763,0,3,4
0,0.6567219,0.66899836,0.66926354,1,3,4
0,0.63514584,0.66274995,0.66297036,2,3,4
0,0.6171765,0.656503,0.6567048,3,3,4
0,0.6001012,0.64881337,0.649116,4,3,4
0,0.5836105,0.63890094,0.63927805,5,3,4
0,0.5740091,0.6264343,0.62696314,6,3,4
0,0.5601349,0.61357045,0.6141536,7,3,4
0,0.5547991,0.59981656,0.6010776,8,3,4
0,0.5464082,0.58866394,0.5895197,9,3,4
0,0.544414,0.5802788,0.58021337,10,3,4
0,0.53932345,0.5698525,0.57153666,11,3,4
0,0.5374076,0.5613414,0.5630212,12,3,4
0,0.53028756,0.5539227,0.55591244,13,3,4
0,0.53083533,0.5484543,0.5509092,14,3,4
0,0.5284776,0.5457772,0.5448815,15,3,4
0,0.52137846,0.5424461,0.54138863,16,3,4
0,0.52179736,0.5416232,0.5399764,17,3,4
0,0.52364326,0.5398557,0.53881323,18,3,4
0,0.52193874,0.5396789,0.53838694,19,3,4
0,0.51574355,0.5435948,0.53905994,20,3,4
0,0.51411223,0.5407923,0.5379787,21,3,4
0,0.51007676,0.5381318,0.5385807,22,3,4
0,0.50661427,0.53838164,0.53528637,23,3,4
0,0.50634104,0.5436174,0.53765845,24,3,4
0,0.50598425,0.5437878,0.5374866,25,3,4
0,0.50686437,0.5442893,0.54118,26,3,4
0,0.49913314,0.5469384,0.54862434,27,3,4
0,0.680033,0.67630714,0.67676616,0,4,4
0,0.65203065,0.6695724,0.66985375,1,4,4
0,0.63389367,0.6621484,0.66241163,2,4,4
0,0.61450976,0.6537151,0.654097,3,4,4
0,0.595705,0.6437786,0.6444411,4,4,4
0,0.5788651,0.6313628,0.63261527,5,4,4
0,0.56536704,0.6191294,0.6203127,6,4,4
0,0.556259,0.60635275,0.6075376,7,4,4
0,0.5534087,0.59175783,0.5935951,8,4,4
0,0.5443551,0.5782255,0.5805661,9,4,4
0,0.5430867,0.5679851,0.5701488,10,4,4
0,0.5308773,0.56013095,0.56299204,11,4,4
0,0.5362864,0.55243605,0.5570095,12,4,4
0,0.52604896,0.5454909,0.55142474,13,4,4
0,0.5254709,0.5467091,0.5509099,14,4,4
0,0.5180498,0.5435809,0.5492058,15,4,4
0,0.51287836,0.54309916,0.5458673,16,4,4
0,0.5121849,0.5414595,0.54806364,17,4,4
0,0.507544,0.5497724,0.5508634,18,4,4
0,0.5056388,0.5468654,0.5525242,19,4,4
0,0.5025082,0.5476409,0.55426764,20,4,4
0,0.49695075,0.5543218,0.56284994,21,4,4
0,0.4905212,0.5556339,0.56409746,22,4,4
0,0.6801381,0.6759745,0.6763652,0,0,5
0,0.654038,0.6695905,0.66973025,1,0,5
0,0.63462263,0.662598,0.6625432,2,0,5
0,0.61494297,0.65442604,0.65419096,3,0,5
0,0.5989287,0.64491236,0.6446292,4,0,5
0,0.5831546,0.6346712,0.63446975,5,0,5
0,0.5720211,0.624637,0.624457,6,0,5
0,0.55813307,0.61465174,0.6146379,7,0,5
0,0.55889577,0.6031677,0.6026241,8,0,5
0,0.5487731,0.5894443,0.5886313,9,0,5
0,0.5438114,0.5808925,0.58057535,10,0,5
0,0.53999573,0.5687407,0.5653055,11,0,5
0,0.5344467,0.559969,0.5524609,12,0,5
0,0.5357717,0.55518144,0.55093515,13,0,5
0,0.52292395,0.5516439,0.5488543,14,0,5
0,0.52458787,0.545614,0.5422591,15,0,5
0,0.5185123,0.5453879,0.538202,16,0,5
0,0.5116735,0.5451276,0.5374912,17,0,5
0,0.5156288,0.543756,0.54048485,18,0,5
0,0.51596653,0.54136926,0.53748083,19,0,5
0,0.5100925,0.547092,0.54166347,20,0,5
0,0.5117503,0.5432727,0.54395646,21,0,5
0,0.5049633,0.54289305,0.54499507,22,0,5
0,0.49643287,0.54638237,0.545193,23,0,5
0,0.49725476,0.5471033,0.5496087,24,0,5
0,0.67851835,0.6747392,0.6751016,0,1,5
0,0.659661,0.66970533,0.66975564,1,1,5
0,0.6355812,0.6632536,0.66311,2,1,5
0,0.6152943,0.6553981,0.65515476,3,1,5
0,0.59651667,0.6466344,0.6462101,4,1,5
0,0.58702046,0.6364144,0.63589954,5,1,5
0,0.57519484,0.62529284,0.62481236,6,1,5
0,0.5682076,0.6119761,0.6118451,7,1,5
0,0.55876917,0.59934425,0.59827244,8,1,5
0,0.55319506,0.5886928,0.5875313,9,1,5
0,0.54454803,0.5778163,0.5769695,10,1,5
0,0.54797286,0.56935376,0.56902665,11,1,5
0,0.54396015,0.5646082,0.5639006,12,1,5
0,0.54569864,0.55913943,0.55864006,13,1,5
0,0.5362212,0.5560273,0.55590135,14,1,5
0,0.538294,0.5521682,0.5528631,15,1,5
0,0.53771573,0.5486355,0.5476756,16,1,5
0,0.5341529,0.54871327,0.5485636,17,1,5
0,0.5365757,0.5513455,0.548422,18,1,5
0,0.538881,0.55179787,0.5476946,19,1,5
0,0.53453034,0.5500616,0.54769343,20,1,5
0,0.5266411,0.5516222,0.547884,21,1,5
0,0.680847,0.6747879,0.6751955,0,2,5
0,0.6551218,0.6697149,0.66984355,1,2,5
0,0.6345093,0.6631448,0.6631697,2,2,5
0,0.61490494,0.65501815,0.65496576,3,2,5
0,0.5987892,0.6457298,0.64563864,4,2,5
0,0.5844884,0.6341973,0.63427836,5,2,5
0,0.568316,0.6206081,0.62129414,6,2,5
0,0.5636113,0.6095565,0.6098215,7,2,5
0,0.5566721,0.59733427,0.5972995,8,2,5
0,0.5523198,0.5860724,0.58565384,9,2,5
0,0.54935974,0.5782584,0.57727724,10,2,5
0,0.5392595,0.56947917,0.5679853,11,2,5
0,0.5384676,0.5626904,0.5600049,12,2,5
0,0.54717946,0.5580571,0.5548428,13,2,5
0,0.544163,0.5540567,0.5498337,14,2,5
0,0.53755754,0.55022395,0.54680485,15,2,5
0,0.53551865,0.5475453,0.54500717,16,2,5
0,0.540181,0.54654545,0.5440711,17,2,5
0,0.5340572,0.5524283,0.54900765,18,2,5
0,0.52955174,0.5462863,0.5432852,19,2,5
0,0.52530664,0.5433625,0.54140943,20,2,5
0,0.52451414,0.54331636,0.5398636,21,2,5
0,0.5310032,0.55014825,0.54332507,22,2,5
0,0.5287871,0.5557686,0.5466852,23,2,5
0,0.52325577,0.5512018,0.54596484,24,2,5
0,0.52201605,0.54777825,0.542027,25,2,5
0,0.51829296,0.55007374,0.54433674,26,2,5
0,0.67716545,0.6765919,0.6770335,0,3,5
0,0.6532957,0.67007595,0.6703169,1,3,5
0,0.6292755,0.6618626,0.66202277,2,3,5
0,0.6133495,0.6532671,0.65341645,3,3,5
0,0.5960706,0.6451677,0.64544797,4,3,5
0,0.58243895,0.63484,0.6348678,5,3,5
0,0.5712147,0.6241821,0.6240955,6,3,5
0,0.5643752,0.61200947,0.6117046,7,3,5
0,0.56156284,0.5995959,0.598693,8,3,5
0,0.55375105,0.5894853,0.58814824,9,3,5
0,0.5491914,0.5802708,0.57897604,10,3,5
0,0.5493906,0.5720977,0.5717247,11,3,5
0,0.5444613,0.56524605,0.566048,12,3,5
0,0.54328656,0.55857074,0.5600435,13,3,5
0,0.53889996,0.5531228,0.5548463,14,3,5
0,0.54169244,0.55064416,0.55095273,15,3,5
0,0.53405017,0.5474589,0.5469935,16,3,5
0,0.53275603,0.54628414,0.5449456,17,3,5
0,0.527045,0.54470915,0.5438464,18,3,5
0,0.52440333,0.54211146,0.5433891,19,3,5
0,0.525204,0.54945254,0.54656744,20,3,5
0,0.5181845,0.54363835,0.54379237,21,3,5
0,0.51672554,0.54345816,0.5458983,22,3,5
0,0.5149841,0.54302907,0.5421612,23,3,5
0,0.5086703,0.54200786,0.5432516,24,3,5
0,0.5122511,0.5404652,0.5440573,25,3,5
0,0.5155665,0.55809385,0.55310285,26,3,5
0,0.51623505,0.5586662,0.5600265,27,3,5
0,0.5028354,0.543607,0.5443334,28,3,5
0,0.510994,0.5423742,0.5445828,29,3,5
0,0.504172,0.56834686,0.56123537,30,3,5
0,0.6785893,0.67656654,0.6769869,0,4,5
0,0.65869784,0.67001843,0.6701947,1,4,5
0,0.63508457,0.66278803,0.6627642,2,4,5
0,0.6142933,0.6547344,0.65444374,3,4,5
0,0.6000154,0.6461797,0.64583236,4,4,5
0,0.5835312,0.6361762,0.6358892,5,4,5
0,0.5718703,0.62275696,0.6227814,6,4,5
0,0.5615365,0.6093022,0.6096569,7,4,5
0,0.5562107,0.59784126,0.5985499,8,4,5
0,0.55283815,0.58569074,0.5870296,9,4,5
0,0.5491214,0.5743097,0.5757771,10,4,5
0,0.53947705,0.5652786,0.5666962,11,4,5
0,0.54544574,0.55851597,0.5596039,12,4,5
0,0.53238946,0.5536388,0.55371416,13,4,5
0,0.5416894,0.55082333,0.5502118,14,4,5
0,0.53298545,0.5467186,0.54636586,15,4,5
0,0.5282968,0.54459995,0.54492134,16,4,5
0,0.5273855,0.54299736,0.54308265,17,4,5
0,0.52415985,0.5420365,0.5427494,18,4,5
0,0.52222383,0.54280174,0.5445717,19,4,5
0,0.5195313,0.54200524,0.5415773,20,4,5
0,0.51455075,0.5428415,0.54354215,21,4,5
0,0.5075464,0.54935646,0.54724884,22,4,5
0,0.50906587,0.5415799,0.5449145,23,4,5
0,0.5064361,0.5473307,0.5477835,24,4,5
0,0.5078632,0.54972947,0.54992795,25,4,5
0,0.5006899,0.55290574,0.5507244,26,4,5
0,0.49897256,0.55784196,0.5536985,27,4,5
0,0.49524757,0.554261,0.5600019,28,4,5
0,0.6770546,0.67624503,0.676625,0,0,6
0,0.6532921,0.66940093,0.6695584,1,0,6
0,0.6322383,0.6614669,0.6614245,2,0,6
0,0.6116715,0.6527684,0.6525417,3,0,6
0,0.5975409,0.6442664,0.6441335,4,0,6
0,0.582676,0.6332339,0.63346905,5,0,6
0,0.566082,0.621426,0.62184757,6,0,6
0,0.56017387,0.60742044,0.6079245,7,0,6
0,0.5552748,0.5952824,0.5957115,8,0,6
0,0.54797626,0.58614403,0.5862533,9,0,6
0,0.540697,0.57622075,0.57540554,10,0,6
0,0.5383419,0.5670091,0.56597733,11,0,6
0,0.5313282,0.55897945,0.55863786,12,0,6
0,0.5333032,0.5535097,0.552986,13,0,6
0,0.5317057,0.5477518,0.5469936,14,0,6
0,0.5259916,0.5443525,0.54351485,15,0,6
0,0.5201905,0.54168814,0.5414067,16,0,6
0,0.5189325,0.53860265,0.5374518,17,0,6
0,0.5191405,0.53744096,0.5354671,18,0,6
0,0.5192264,0.5373123,0.53589725,19,0,6
0,0.51660734,0.5395341,0.53853923,20,0,6
0,0.5041261,0.5386707,0.5370987,21,0,6
0,0.50931996,0.54054755,0.5349436,22,0,6
0,0.49850726,0.5401431,0.54022497,23,0,6
0,0.50001115,0.5409496,0.5440996,24,0,6
0,0.67994285,0.67462754,0.67510176,0,1,6
0,0.6586835,0.66899633,0.66925275,1,1,6
0,0.6375377,0.6630032,0.66310036,2,1,6
0,0.61804837,0.6557197,0.65559554,3,1,6
0,0.60200447,0.64701414,0.6467909,4,1,6
0,0.58710724,0.636373,0.6363933,5,1,6
0,0.5764146,0.6251502,0.62508434,6,1,6
0,0.56698793,0.6128783,0.6126079,7,1,6
0,0.55486286,0.6001531,0.5992606,8,1,6
0,0.5503933,0.58618045,0.58503264,9,1,6
0,0.55278194,0.577417,0.5771639,10,1,6
0,0.5475665,0.57070434,0.5700987,11,1,6
0,0.5447071,0.56355786,0.5622926,12,1,6
0,0.5443904,0.5597879,0.5589951,13,1,6
0,0.5399926,0.55699915,0.555951,14,1,6
0,0.54105824,0.552829,0.55165946,15,1,6
0,0.54008526,0.5496276,0.549611,16,1,6
0,0.5378805,0.54828286,0.54909456,17,1,6
0,0.53416497,0.5475445,0.5477374,18,1,6
0,0.53356236,0.54614615,0.54685503,19,1,6
0,0.5294218,0.5461464,0.5460977,20,1,6
0,0.5313453,0.54612213,0.54866785,21,1,6
0,0.5283564,0.548078,0.54915774,22,1,6
0,0.52739984,0.5489799,0.5475754,23,1,6
0,0.5313241,0.54907185,0.54830045,24,1,6
0,0.52326185,0.54904014,0.5491688,25,1,6
0,0.52665514,0.55468786,0.5509882,26,1,6
0,0.6778784,0.6763914,0.6768261,0,2,6
0,0.6570266,0.67037785,0.6705209,1,2,6
0,0.63442093,0.6630776,0.663038,2,2,6
0,0.6157402,0.6544159,0.65431565,3,2,6
0,0.59808457,0.6454385,0.6455358,4,2,6
0,0.58206874,0.6344547,0.6349712,5,2,6
0,0.5665388,0.62257576,0.6235853,6,2,6
0,0.5656198,0.60998803,0.61107826,7,2,6
0,0.5624533,0.59796333,0.5990209,8,2,6
0,0.55020267,0.586479,0.58783793,9,2,6
0,0.55246824,0.57635355,0.578368,10,2,6
0,0.5511363,0.56825984,0.5715251,11,2,6
0,0.5482455,0.5628511,0.5652887,12,2,6
0,0.5429438,0.55764383,0.5589297,13,2,6
0,0.543461,0.55275506,0.55463433,14,2,6
0,0.5365177,0.54858017,0.55129737,15,2,6
0,0.5344777,0.5477692,0.54871374,16,2,6
0,0.5384311,0.544874,0.54727226,17,2,6
0,0.537976,0.541261,0.542935,18,2,6
0,0.52783966,0.5396639,0.5411423,19,2,6
0,0.53153485,0.54029894,0.54024583,20,2,6
0,0.5400364,0.53945243,0.53866106,21,2,6
0,0.5338238,0.5371572,0.53833604,22,2,6
0,0.5350855,0.5379364,0.5387147,23,2,6
0,0.53278947,0.5365138,0.53898233,24,2,6
0,0.5323476,0.5353021,0.53965706,25,2,6
0,0.52835965,0.53508335,0.54070216,26,2,6
0,0.5238705,0.53524554,0.5438034,27,2,6
0,0.5271784,0.53459865,0.54021794,28,2,6
0,0.5317463,0.53648394,0.53894246,29,2,6
0,0.5184626,0.537505,0.540916,30,2,6
0,0.5186026,0.5344248,0.54106134,31,2,6
0,0.52037257,0.5404535,0.5491531,32,2,6
0,0.514176,0.5376921,0.5441246,33,2,6
0,0.5104938,0.5334972,0.543712,34,2,6
0,0.51467186,0.54272294,0.5529839,35,2,6
0,0.50226754,0.5402398,0.5451294,36,2,6
0,0.50575644,0.5373256,0.54473096,37,2,6
0,0.5019598,0.5606493,0.5658841,38,2,6
0,0.5010217,0.5617365,0.5691761,39,2,6
0,0.68042445,0.67620826,0.67660695,0,3,6
0,0.6553104,0.6703364,0.6704341,1,3,6
0,0.6385285,0.662643,0.66251624,2,3,6
0,0.616241,0.65443325,0.65412205,3,3,6
0,0.60058326,0.6458796,0.6455469,4,3,6
0,0.58345634,0.6352174,0.6350247,5,3,6
0,0.5718053,0.6224285,0.62283754,6,3,6
0,0.5648286,0.6090212,0.6103818,7,3,6
0,0.5546799,0.5964002,0.5978719,8,3,6
0,0.55597466,0.5866142,0.58793473,9,3,6
0,0.5486172,0.57681125,0.5780865,10,3,6
0,0.54018325,0.5668376,0.56872225,11,3,6
0,0.5394183,0.55906194,0.56163716,12,3,6
0,0.53843755,0.55340254,0.5558099,13,3,6
0,0.5318814,0.5485107,0.5506875,14,3,6
0,0.528887,0.54521894,0.5476966,15,3,6
0,0.52734584,0.5480974,0.5470395,16,3,6
0,0.52458066,0.5444709,0.5431289,17,3,6
0,0.5242724,0.54689854,0.5454272,18,3,6
0,0.5153931,0.5497474,0.5468964,19,3,6
0,0.51903135,0.54748,0.5457008,20,3,6
0,0.5152347,0.5472341,0.5477236,21,3,6
0,0.50825787,0.55123293,0.5516422,22,3,6
0,0.6806446,0.6765887,0.67694944,0,4,6
0,0.6559666,0.6704488,0.6706053,1,4,6
0,0.6334992,0.6632361,0.6632424,2,4,6
0,0.615861,0.6548874,0.65473634,3,4,6
0,0.59692866,0.6454345,0.6453383,4,4,6
0,0.5848499,0.635403,0.6353877,5,4,6
0,0.56800455,0.62553376,0.62573904,6,4,6
0,0.56246275,0.6149758,0.6147907,7,4,6
0,0.55741924,0.603446,0.6029351,8,4,6
0,0.5488555,0.5906025,0.58913344,9,4,6
0,0.54388064,0.5759674,0.5734014,10,4,6
0,0.5428794,0.56547433,0.5630068,11,4,6
0,0.535906,0.5592676,0.55814296,12,4,6
0,0.53663,0.5491533,0.5488896,13,4,6
0,0.53131825,0.54316336,0.5408854,14,4,6
0,0.53211045,0.5446452,0.53930944,15,4,6
0,0.5271407,0.5448319,0.5391467,16,4,6
0,0.52508503,0.5412966,0.5394098,17,4,6
0,0.5231698,0.53916097,0.53630483,18,4,6
0,0.518972,0.54484385,0.53968465,19,4,6
0,0.5202308,0.5415133,0.53693146,20,4,6
0,0.5165526,0.5427675,0.5408248,21,4,6
0,0.51827615,0.5458749,0.54056716,22,4,6
0,0.5115701,0.5468322,0.54155123,23,4,6
0,0.6771891,0.6765273,0.6769236,0,0,7
0,0.6581896,0.6708482,0.67098266,1,0,7
0,0.6330542,0.6632313,0.66324174,2,0,7
0,0.61331016,0.65439135,0.65423834,3,0,7
0,0.59409815,0.64512676,0.6449911,4,0,7
0,0.5830408,0.6330191,0.6328238,5,0,7
0,0.5686611,0.62043804,0.6201941,6,0,7
0,0.5598424,0.6082891,0.6080613,7,0,7
0,0.5572183,0.59686595,0.5970845,8,0,7
0,0.54862916,0.58784664,0.588082,9,0,7
0,0.54548645,0.57924086,0.5793834,10,0,7
0,0.53990746,0.5707896,0.57134765,11,0,7
0,0.53652716,0.56364,0.56403714,12,0,7
0,0.5397112,0.5578698,0.5574205,13,0,7
0,0.53416246,0.5530182,0.55303484,14,0,7
0,0.5302511,0.5497989,0.5474636,15,0,7
0,0.53177434,0.5467245,0.54471767,16,0,7
0,0.5306253,0.5446382,0.54312253,17,0,7
0,0.52345896,0.543956,0.54212725,18,0,7
0,0.5239733,0.5442503,0.5435988,19,0,7
0,0.52563053,0.54216796,0.54180866,20,0,7
0,0.5225243,0.54028785,0.5390974,21,0,7
0,0.5234499,0.5413167,0.5407362,22,0,7
0,0.5250558,0.5402911,0.53867114,23,0,7
0,0.51872104,0.5407349,0.5378143,24,0,7
0,0.5202535,0.54071933,0.5374928,25,0,7
0,0.521534,0.5435891,0.5390514,26,0,7
0,0.6785379,0.67463946,0.67503816,0,1,7
0,0.65405476,0.66958594,0.6696471,1,1,7
0,0.632503,0.6626844,0.6625348,2,1,7
0,0.6156141,0.65501016,0.65471303,3,1,7
0,0.5962501,0.64619374,0.6458492,4,1,7
0,0.5760092,0.6352356,0.63497144,5,1,7
0,0.56369215,0.62358016,0.6234808,6,1,7
0,0.5663772,0.61305016,0.612891,7,1,7
0,0.55389977,0.6025834,0.6030806,8,1,7
0,0.5527302,0.5915939,0.59235424,9,1,7
0,0.5429799,0.57655454,0.57691574,10,1,7
0,0.5427304,0.56151205,0.5598705,11,1,7
0,0.5388867,0.5555611,0.55319446,12,1,7
0,0.5356143,0.5543344,0.5526237,13,1,7
0,0.53537554,0.5474801,0.5448873,14,1,7
0,0.53054905,0.5447919,0.5401483,15,1,7
0,0.5253245,0.5410383,0.5368854,16,1,7
0,0.52201533,0.5391308,0.5364618,17,1,7
0,0.5299075,0.53559667,0.53482825,18,1,7
0,0.51557595,0.53459686,0.5342111,19,1,7
0,0.5169167,0.5388898,0.53668916,20,1,7
0,0.50823593,0.53363997,0.53488016,21,1,7
0,0.5181864,0.547793,0.5424749,22,1,7
0,0.50920683,0.55224824,0.55139893,23,1,7
0,0.5109384,0.548763,0.54548514,24,1,7
0,0.5076466,0.5366579,0.5365127,25,1,7
0,0.50800866,0.5375922,0.54056066,26,1,7
0,0.6791584,0.67501,0.67538536,0,2,7
0,0.65485764,0.669922,0.6700365,1,2,7
0,0.63322216,0.66305476,0.6629816,2,2,7
0,0.61443394,0.6548075,0.65457165,3,2,7
0,0.59682304,0.64567214,0.6454417,4,2,7
0,0.58079356,0.63397217,0.6340427,5,2,7
0,0.569885,0.62093,0.6209831,6,2,7
0,0.5611422,0.61027986,0.6102078,7,2,7
0,0.5586287,0.6006699,0.5998436,8,2,7
0,0.55384076,0.58998054,0.5874162,9,2,7
0,0.54677516,0.5804985,0.5781729,10,2,7
0,0.5462437,0.5717315,0.5690495,11,2,7
0,0.5417941,0.5661918,0.5611921,12,2,7
0,0.54100007,0.56143403,0.558146,13,2,7
0,0.5388147,0.5563272,0.55505335,14,2,7
0,0.53975385,0.55116135,0.54980373,15,2,7
0,0.530122,0.5489927,0.5462504,16,2,7
0,0.5323329,0.5474312,0.5469485,17,2,7
0,0.5371005,0.5476201,0.5455379,18,2,7
0,0.533225,0.54685396,0.5442898,19,2,7
0,0.5326803,0.54562956,0.5429886,20,2,7
0,0.52744144,0.5465502,0.5436949,21,2,7
0,0.523943,0.5444122,0.5437869,22,2,7
0,0.5272154,0.5444672,0.5424831,23,2,7
0,0.5220576,0.5468297,0.5439615,24,2,7
0,0.5262678,0.54620963,0.54187846,25,2,7
0,0.5205979,0.5459889,0.5418436,26,2,7
0,0.5205923,0.5455872,0.5412647,27,2,7
0,0.67989284,0.6750288,0.6754561,0,3,7
0,0.65813166,0.6694527,0.6696213,1,3,7
0,0.6357359,0.6627778,0.66276205,2,3,7
0,0.6184256,0.6552513,0.65506184,3,3,7
0,0.60018045,0.6468072,0.64652675,4,3,7
0,0.5823916,0.6369444,0.6364568,5,3,7
0,0.57217956,0.62648565,0.6256406,6,3,7
0,0.5637806,0.61401135,0.61343044,7,3,7
0,0.55732924,0.5996912,0.6004785,8,3,7
0,0.5507655,0.58556837,0.586899,9,3,7
0,0.546518,0.57487047,0.57578796,10,3,7
0,0.5443272,0.56807375,0.56889695,11,3,7
0,0.5407021,0.55829394,0.560113,12,3,7
0,0.54024047,0.5516945,0.5535666,13,3,7
0,0.5342666,0.55051965,0.55091166,14,3,7
0,0.5342825,0.5435193,0.54524136,15,3,7
0,0.5285216,0.5414372,0.5425545,16,3,7
0,0.52967674,0.5426096,0.54423064,17,3,7
0,0.5284879,0.54092556,0.54197085,18,3,7
0,0.523044,0.54167676,0.5415558,19,3,7
0,0.52673215,0.5425305,0.54244745,20,3,7
0,0.52067673,0.5430078,0.5417112,21,3,7
0,0.5155291,0.55349034,0.55774015,22,3,7
0,0.52714545,0.5466268,0.5478681,23,3,7
0,0.67793983,0.67646086,0.67688817,0,4,7
0,0.6563574,0.6694362,0.66970664,1,4,7
0,0.63408333,0.6621589,0.6623246,2,4,7
0,0.61373186,0.65286773,0.65299815,3,4,7
0,0.59467167,0.64296335,0.64325875,4,4,7
0,0.5826244,0.63146365,0.63180417,5,4,7
0,0.57213783,0.6200828,0.6201045,6,4,7
0,0.5601511,0.60825074,0.6080066,7,4,7
0,0.5522454,0.59655887,0.5959477,8,4,7
0,0.55302244,0.5871135,0.5862562,9,4,7
0,0.53939843,0.5784077,0.5776533,10,4,7
0,0.5402632,0.5694047,0.56900203,11,4,7
0,0.53171366,0.5600541,0.5606875,12,4,7
0,0.5304995,0.55225074,0.5545796,13,4,7
0,0.53112346,0.54703283,0.5498516,14,4,7
0,0.5251819,0.5429075,0.5450535,15,4,7
0,0.52444035,0.5385664,0.54158014,16,4,7
0,0.51907516,0.53596306,0.5384176,17,4,7
0,0.5182033,0.535695,0.5382613,18,4,7
0,0.52022123,0.54095155,0.5412645,19,4,7
0,0.5207315,0.53686357,0.5398201,20,4,7
0,0.52048874,0.5342191,0.5398396,21,4,7
0,0.51578605,0.53338784,0.54117525,22,4,7
0,0.5117256,0.5329193,0.5411359,23,4,7
0,0.5127073,0.5333888,0.5417277,24,4,7
0,0.5094216,0.53664654,0.54507464,25,4,7
0,0.519864,0.5357061,0.54220486,26,4,7
0,0.51131505,0.5332691,0.541121,27,4,7
0,0.5147601,0.5311728,0.5393152,28,4,7
0,0.5094246,0.5321939,0.54046464,29,4,7
0,0.50594944,0.5362692,0.5446581,30,4,7
0,0.5000038,0.5370243,0.55065316,31,4,7
0,0.48622763,0.5430877,0.5560171,32,4,7
0,0.48945248,0.543862,0.55568916,33,4,7
0,0.67656404,0.6762924,0.6766892,0,0,8
0,0.65642613,0.6699503,0.6701455,1,0,8
0,0.63205534,0.6623555,0.6624557,2,0,8
0,0.6158144,0.65357924,0.6535867,3,0,8
0,0.5959372,0.64403474,0.6440584,4,0,8
0,0.57837516,0.63187575,0.6319938,5,0,8
0,0.56871825,0.6166473,0.6169692,6,0,8
0,0.56304353,0.6052084,0.6056154,7,0,8
0,0.55608493,0.5959477,0.59575695,8,0,8
0,0.55403084,0.58713126,0.5866279,9,0,8
0,0.54537123,0.578988,0.57779104,10,0,8
0,0.5443698,0.5716256,0.5693287,11,0,8
0,0.53763837,0.56530356,0.5623114,12,0,8
0,0.5348025,0.55792266,0.55634856,13,0,8
0,0.5298883,0.5504991,0.55048156,14,0,8
0,0.5319531,0.5461825,0.5455155,15,0,8
0,0.53554034,0.5432939,0.54278654,16,0,8
0,0.53026056,0.54206365,0.5411362,17,0,8
0,0.53287244,0.53937835,0.5397822,18,0,8
0,0.52838105,0.5393104,0.53925705,19,0,8
0,0.5271298,0.53988457,0.5387806,20,0,8
0,0.5200717,0.5402458,0.5377172,21,0,8
0,0.5187364,0.53964525,0.5376642,22,0,8
0,0.5217206,0.5376438,0.5378145,23,0,8
0,0.5139503,0.54104036,0.5430134,24,0,8
0,0.5126648,0.53921044,0.54097867,25,0,8
0,0.5098639,0.5385965,0.5409768,26,0,8
0,0.50775135,0.54349625,0.5457506,27,0,8
0,0.50707513,0.54922026,0.55091697,28,0,8
0,0.68072766,0.6749922,0.6754369,0,1,8
0,0.65316194,0.669257,0.669499,1,1,8
0,0.6303883,0.66229796,0.6623597,2,1,8
0,0.613708,0.65405476,0.6539468,3,1,8
0,0.594351,0.6452421,0.6451992,4,1,8
0,0.58007145,0.63480765,0.63492376,5,1,8
0,0.5760255,0.623422,0.623501,6,1,8
0,0.55791765,0.6113428,0.61141354,7,1,8
0,0.5541613,0.60031044,0.6004588,8,1,8
0,0.5522609,0.58964807,0.5886525,9,1,8
0,0.54806453,0.5789139,0.57792985,10,1,8
0,0.5422421,0.5697173,0.56937695,11,1,8
0,0.53562933,0.56318,0.56274265,12,1,8
0,0.54467577,0.5548159,0.55496097,13,1,8
0,0.53544074,0.5491682,0.5483939,14,1,8
0,0.5367427,0.5456219,0.5444734,15,1,8
0,0.52955407,0.54521215,0.5437382,16,1,8
0,0.53317744,0.54567873,0.5447042,17,1,8
0,0.52830213,0.54276586,0.5437711,18,1,8
0,0.5285554,0.5426991,0.5419487,19,1,8
0,0.52210045,0.54071444,0.5434262,20,1,8
0,0.52217156,0.54233223,0.54442626,21,1,8
0,0.5263322,0.55184805,0.55048156,22,1,8
0,0.52512366,0.5494401,0.54770845,23,1,8
0,0.5203406,0.5535717,0.54982245,24,1,8
0,0.51696205,0.5444527,0.54689354,25,1,8
0,0.6796849,0.67619836,0.6765896,0,2,8
0,0.65477663,0.66965514,0.66976655,1,2,8
0,0.6325069,0.6622763,0.66223943,2,2,8
0,0.61524457,0.6539163,0.6538034,3,2,8
0,0.59836215,0.6445268,0.6446221,4,2,8
0,0.5813227,0.6333007,0.6335727,5,2,8
0,0.5712629,0.619954,0.6206091,6,2,8
0,0.5600597,0.6077243,0.6083305,7,2,8
0,0.56172067,0.5963937,0.59717333,8,2,8
0,0.5551867,0.58706695,0.5874352,9,2,8
0,0.5505594,0.57829195,0.5787532,10,2,8
0,0.5527021,0.57053894,0.57152534,11,2,8
0,0.5464706,0.56447536,0.5657871,12,2,8
0,0.5475828,0.5593291,0.56085676,13,2,8
0,0.54368323,0.5549009,0.55652815,14,2,8
0,0.54544663,0.55125374,0.5527429,15,2,8
0,0.54518193,0.5483486,0.5496459,16,2,8
0,0.54355246,0.5459414,0.54749346,17,2,8
0,0.54058355,0.5431405,0.5457371,18,2,8
0,0.5404884,0.53967667,0.5435243,19,2,8
0,0.5387717,0.5390506,0.5431035,20,2,8
0,0.5352782,0.5388559,0.54339594,21,2,8
0,0.54050213,0.54049176,0.54336786,22,2,8
0,0.53627783,0.5414401,0.5423068,23,2,8
0,0.53201014,0.54404265,0.5430338,24,2,8
0,0.5286879,0.54275554,0.54193634,25,2,8
0,0.5335739,0.54267305,0.5427134,26,2,8
0,0.68267757,0.67578775,0.676299,0,3,8
0,0.6540537,0.669289,0.66954315,1,3,8
0,0.6316015,0.66185874,0.66195273,2,3,8
0,0.61175805,0.653834,0.65392846,3,3,8
0,0.5937279,0.645337,0.64546263,4,3,8
0,0.5820485,0.63543063,0.63515204,5,3,8
0,0.5732081,0.62373364,0.6230102,6,3,8
0,0.5668609,0.61123806,0.61029285,7,3,8
0,0.55816233,0.59885484,0.59751666,8,3,8
0,0.5573724,0.5867384,0.58569074,9,3,8
0,0.5509371,0.57664245,0.57591534,10,3,8
0,0.5482729,0.56899863,0.5691901,11,3,8
0,0.545876,0.5628195,0.56285995,12,3,8
0,0.5484674,0.5579885,0.55855566,13,3,8
0,0.5444955,0.55415183,0.5553503,14,3,8
0,0.54129297,0.55111504,0.55226964,15,3,8
0,0.53245217,0.54903847,0.5506876,16,3,8
0,0.5377758,0.54861593,0.5507224,17,3,8
0,0.53344357,0.54851085,0.5498792,18,3,8
0,0.53157216,0.5448983,0.5461762,19,3,8
0,0.5407966,0.5423832,0.5462669,20,3,8
0,0.52826333,0.5445125,0.545794,21,3,8
0,0.5301413,0.54496956,0.54605377,22,3,8
0,0.5234327,0.5457349,0.5475094,23,3,8
0,0.5268018,0.54766,0.55087394,24,3,8
0,0.5198778,0.54497194,0.54332554,25,3,8
0,0.67815,0.67648846,0.67692816,0,4,8
0,0.65916556,0.6707245,0.6708344,1,4,8
0,0.63802326,0.6641681,0.66406035,2,4,8
0,0.61846423,0.65589666,0.6556399,3,4,8
0,0.6005658,0.6465953,0.646418,4,4,8
0,0.58697444,0.63569266,0.6357616,5,4,8
0,0.57493156,0.6226535,0.62314546,6,4,8
0,0.5684789,0.6084847,0.6096701,7,4,8
0,0.5589598,0.59545517,0.59776884,8,4,8
0,0.5530092,0.58506364,0.5882681,9,4,8
0,0.545119,0.5764634,0.58021694,10,4,8
0,0.5439133,0.56920266,0.57269245,11,4,8
0,0.5437531,0.5633185,0.56585413,12,4,8
0,0.53714126,0.5574927,0.5603122,13,4,8
0,0.53703433,0.5519974,0.5551172,14,4,8
0,0.5374219,0.548593,0.5509822,15,4,8
0,0.5264223,0.5449234,0.5480596,16,4,8
0,0.53050166,0.54435027,0.54687417,17,4,8
0,0.5291622,0.5421232,0.54612696,18,4,8
0,0.52106935,0.54279584,0.54937893,19,4,8
0,0.51530004,0.5430023,0.55125135,20,4,8
0,0.520613,0.5463757,0.5502604,21,4,8
0,0.51213646,0.5496257,0.5551266,22,4,8
0,0.51178163,0.55306,0.5578071,23,4,8
0,0.679951,0.6763088,0.67666876,0,0,9
0,0.65577143,0.6705362,0.6705995,1,0,9
0,0.6356396,0.66349715,0.66335714,2,0,9
0,0.61444587,0.65480316,0.65444595,3,0,9
0,0.5974105,0.6455423,0.6451855,4,0,9
0,0.584366,0.63474816,0.63443893,5,0,9
0,0.5684406,0.623501,0.6230269,6,0,9
0,0.56044054,0.61153406,0.61055875,7,0,9
0,0.5590837,0.59925944,0.59850454,8,0,9
0,0.55515426,0.5872054,0.58722717,9,0,9
0,0.5452837,0.5760293,0.5761079,10,0,9
0,0.538601,0.56511706,0.5648998,11,0,9
0,0.53845364,0.55863816,0.55920905,12,0,9
0,0.5341613,0.5551351,0.55537206,13,0,9
0,0.53232086,0.5522023,0.5510751,14,0,9
0,0.52651197,0.54865766,0.5497326,15,0,9
0,0.52835387,0.5466022,0.5492763,16,0,9
0,0.5158634,0.54431915,0.54581726,17,0,9
0,0.51721776,0.5462476,0.54688716,18,0,9
0,0.5146714,0.5477884,0.5512223,19,0,9
0,0.50917184,0.5501548,0.5529796,20,0,9
0,0.50454223,0.573124,0.5699635,21,0,9
0,0.50586694,0.56287146,0.5636274,22,0,9
0,0.6784416,0.6762092,0.6766101,0,1,9
0,0.65277416,0.66905046,0.66930294,1,1,9
0,0.6350026,0.6626841,0.66284865,2,1,9
0,0.6157314,0.65470314,0.6547777,3,1,9
0,0.59887904,0.6453231,0.6454983,4,1,9
0,0.5812466,0.6338475,0.6342191,5,1,9
0,0.56975985,0.6221543,0.62248933,6,1,9
0,0.56612915,0.61052096,0.6109073,7,1,9
0,0.5553648,0.59937924,0.5993737,8,1,9
0,0.5527405,0.5876661,0.5880197,9,1,9
0,0.55212885,0.5770457,0.5772664,10,1,9
0,0.54494196,0.5692036,0.5689331,11,1,9
0,0.5417938,0.56444865,0.56327456,12,1,9
0,0.5462168,0.5603502,0.56060266,13,1,9
0,0.53133863,0.5549318,0.55514526,14,1,9
0,0.5368007,0.5515418,0.55193084,15,1,9
0,0.5321694,0.55428374,0.55222994,16,1,9
0,0.5290647,0.5539787,0.5477269,17,1,9
0,0.52431256,0.55044866,0.5433942,18,1,9
0,0.52196234,0.5474335,0.5443642,19,1,9
0,0.5218728,0.5483133,0.54675734,20,1,9
0,0.5131498,0.5424031,0.54394937,21,1,9
0,0.51919734,0.5456305,0.54794043,22,1,9
0,0.5173003,0.5405419,0.5421789,23,1,9
0,0.5043141,0.54055476,0.5469732,24,1,9
0,0.50652903,0.5490525,0.54911685,25,1,9
0,0.5124883,0.5450935,0.5498212,26,1,9
0,0.5067911,0.5543317,0.5528569,27,1,9
0,0.5001002,0.54678124,0.545668,28,1,9
0,0.67888546,0.6757597,0.6761606,0,2,9
0,0.65389776,0.6690376,0.6691791,1,2,9
0,0.6342903,0.66117877,0.66123366,2,2,9
0,0.6111177,0.6527293,0.652832,3,2,9
0,0.59719926,0.6437013,0.644084,4,2,9
0,0.5782974,0.6332233,0.63394785,5,2,9
0,0.5626511,0.6217288,0.62264305,6,2,9
0,0.5594581,0.60986024,0.61038524,7,2,9
0,0.5558471,0.5991929,0.59918565,8,2,9
0,0.54356754,0.5886365,0.5883625,9,2,9
0,0.54394597,0.57762754,0.57849735,10,2,9
0,0.5408192,0.5689126,0.56939554,11,2,9
0,0.54095465,0.5611449,0.5614005,12,2,9
0,0.53568697,0.55446225,0.55515975,13,2,9
0,0.52924037,0.5498511,0.55036664,14,2,9
0,0.533369,0.544683,0.5459538,15,2,9
0,0.5255354,0.5403672,0.5427204,16,2,9
0,0.52329016,0.5397015,0.54074687,17,2,9
0,0.52500266,0.5383945,0.5400335,18,2,9
0,0.5244071,0.54475397,0.5462191,19,2,9
0,0.5273754,0.54012126,0.54291254,20,2,9
0,0.5226199,0.5414725,0.5412659,21,2,9
0,0.5214923,0.53878444,0.5396059,22,2,9
0,0.51623935,0.5380467,0.5385896,23,2,9
0,0.5169739,0.54180956,0.54186326,24,2,9
0,0.50993556,0.5401116,0.54021066,25,2,9
0,0.51188856,0.54660225,0.5512107,26,2,9
0,0.5083676,0.54561573,0.55080575,27,2,9
0,0.5062001,0.545989,0.5550608,28,2,9
0,0.6808283,0.6757011,0.67613596,0,3,9
0,0.65934885,0.669947,0.6700617,1,3,9
0,0.6393008,0.6634935,0.66339815,2,3,9
0,0.6170494,0.6552754,0.65499413,3,3,9
0,0.5970492,0.6457401,0.645511,4,3,9
0,0.58254224,0.6346785,0.63447964,5,3,9
0,0.5786806,0.6233442,0.6231155,6,3,9
0,0.5662341,0.61134845,0.61128116,7,3,9
0,0.55567247,0.5983147,0.5978103,8,3,9
0,0.54919463,0.5865469,0.58603674,9,3,9
0,0.5511775,0.5772476,0.5768788,10,3,9
0,0.5448263,0.5656766,0.56589395,11,3,9
0,0.5445711,0.5554724,0.5568158,12,3,9
0,0.5478972,0.5473977,0.5501259,13,3,9
0,0.5413329,0.5456676,0.54758084,14,3,9
0,0.5358426,0.548815,0.5498257,15,3,9
0,0.5456311,0.54439455,0.5463837,16,3,9
0,0.53258437,0.5362009,0.53777057,17,3,9
0,0.5293481,0.5371009,0.5392652,18,3,9
0,0.52490735,0.5401084,0.53902143,19,3,9
0,0.5254031,0.5368247,0.5381341,20,3,9
0,0.53026295,0.5342314,0.537852,21,3,9
0,0.52489734,0.54377407,0.54518175,22,3,9
0,0.5189291,0.55069095,0.5558884,23,3,9
0,0.5234701,0.53592646,0.54356855,24,3,9
0,0.51120645,0.5323989,0.54616076,25,3,9
0,0.5145173,0.53365034,0.5409224,26,3,9
0,0.514715,0.5389981,0.5442864,27,3,9
0,0.50779456,0.5387073,0.54391044,28,3,9
0,0.50765073,0.53690463,0.54453665,29,3,9
0,0.5026622,0.53681976,0.5426451,30,3,9
0,0.6768078,0.6764205,0.6768188,0,4,9
0,0.6537494,0.66943496,0.66959417,1,4,9
0,0.6345001,0.66158503,0.66155434,2,4,9
0,0.6145732,0.65343803,0.65333277,3,4,9
0,0.5956021,0.64434266,0.644541,4,4,9
0,0.576505,0.6328411,0.63346076,5,4,9
0,0.5683151,0.62080246,0.6217598,6,4,9
0,0.55851275,0.60743916,0.6085837,7,4,9
0,0.5546465,0.5934778,0.59510434,8,4,9
0,0.5450189,0.5814285,0.58398837,9,4,9
0,0.541754,0.5725275,0.5748725,10,4,9
0,0.5414617,0.56502587,0.56596637,11,4,9
0,0.53934956,0.55940235,0.5595406,12,4,9
0,0.5370036,0.5522583,0.5521239,13,4,9
0,0.5376614,0.55022514,0.5502958,14,4,9
0,0.5323889,0.54470724,0.5475099,15,4,9
0,0.52852815,0.54418504,0.54678714,16,4,9
0,0.5300754,0.5455468,0.5486009,17,4,9
0,0.5281207,0.5401317,0.5450573,18,4,9
0,0.5241975,0.5403784,0.5473895,19,4,9
0,0.51668733,0.5491034,0.56049633,20,4,9
0,0.51528895,0.54486084,0.5515961,21,4,9
0,0.506521,0.5392574,0.5465438,22,4,9
0,0.50365585,0.5493404,0.5574948,23,4,9
0,0.50452584,0.54456145,0.5569182,24,4,9
0,0.50830626,0.5461486,0.5539079,25,4,9
0,0.50649077,0.5539889,0.5635759,26,4,9
0,0.4995296,0.5561513,0.5611007,27,4,9
